file,字数,種別,new_desc
aeo/IHガスコンロ変更工事.html,143,定型/replace,IHガスコンロ変更工事の費用・相場2026年最新版を建設実務30年のプロがsouba-dbの実測データで解説します。見積書のチェックポイント、過剰請求の見分け方、業者に確認すべき点まで具体的にまとめました。相場より高い見積もりの特徴と、値引き交渉で使える根拠を実例つきで解説しています。
aeo/アスベスト除去工事.html,158,相場入り/replace,アスベスト除去工事の費用・相場2026年最新版を建設実務30年のプロがsouba-dbの実測データで解説します。適正相場の目安は100万〜200万円。相場より高い見積もりの特徴と、値引き交渉で使える根拠を実例つきで解説しています。梅(最安)・竹(標準)・松(大手)の3プランで、あなたの見積もりが適正か比較できます。
aeo/インテリア家具詳細.html,135,定型/replace,インテリア家具詳細の費用・相場2026年最新版を建設実務30年のプロがsouba-dbの実測データで解説します。梅(最安)・竹(標準)・松(大手)の3プランで、あなたの見積もりが適正か比較できます。訪問販売の即決を断る方法や、相見積もりの取り方まであわせて確認できます。
aeo/エアコン工事-適正価格.html,145,定型/replace,エアコン取付工事の適正価格はいくら？1台あたりの相場2026年を建設実務30年のプロがsouba-dbの実測データで解説します。訪問販売の即決を断る方法や、相見積もりの取り方まであわせて確認できます。見積書のチェックポイント、過剰請求の見分け方、業者に確認すべき点まで具体的にまとめました。
aeo/エレベーター修繕・更新工事.html,145,定型/replace,エレベーター修繕・更新工事の費用・相場2026年最新版を建設実務30年のプロがsouba-dbの実測データで解説します。見積書のチェックポイント、過剰請求の見分け方、業者に確認すべき点まで具体的にまとめました。相場より高い見積もりの特徴と、値引き交渉で使える根拠を実例つきで解説しています。
aeo/カーポート設置工事.html,139,定型/replace,カーポート設置工事の費用・相場2026年最新版を建設実務30年のプロがsouba-dbの実測データで解説します。相場より高い見積もりの特徴と、値引き交渉で使える根拠を実例つきで解説しています。梅(最安)・竹(標準)・松(大手)の3プランで、あなたの見積もりが適正か比較できます。
aeo/ガス工事詳細.html,132,定型/replace,ガス工事詳細の費用・相場2026年最新版を建設実務30年のプロがsouba-dbの実測データで解説します。梅(最安)・竹(標準)・松(大手)の3プランで、あなたの見積もりが適正か比較できます。訪問販売の即決を断る方法や、相見積もりの取り方まであわせて確認できます。
aeo/ガラス交換工事.html,135,定型/replace,ガラス交換工事の費用・相場2026年最新版を建設実務30年のプロがsouba-dbの実測データで解説します。訪問販売の即決を断る方法や、相見積もりの取り方まであわせて確認できます。見積書のチェックポイント、過剰請求の見分け方、業者に確認すべき点まで具体的にまとめました。
aeo/キッチンリフォーム-適正価格.html,132,相場入り/replace,キッチンリフォームの適正価格はいくら？マンション・戸建て別相場2026年を建設実務30年のプロがsouba-dbの実測データで解説します。適正相場の目安は80万〜150万円。見積書のチェックポイント、過剰請求の見分け方、業者に確認すべき点まで具体的にまとめました。
aeo/クロス張替え-適正価格.html,154,相場入り/replace,クロス張替えの適正価格はいくら？6畳・12畳の相場2026年を建設実務30年のプロがsouba-dbの実測データで解説します。適正相場の目安は5万〜8万円。相場より高い見積もりの特徴と、値引き交渉で使える根拠を実例つきで解説しています。訪問販売の即決を断る方法や、相見積もりの取り方まであわせて確認できます。
aeo/クーリングオフ-やり方.html,136,定型/replace,リフォームのクーリングオフのやり方・期間・書き方を建設実務30年のプロがsouba-dbの実測データで解説します。梅(最安)・竹(標準)・松(大手)の3プランで、あなたの見積もりが適正か比較できます。訪問販売の即決を断る方法や、相見積もりの取り方まであわせて確認できます。
aeo/シロアリ-自分で-できる.html,155,相場入り/replace,シロアリ対策を自分でする方法・DIY防蟻の限界と費用を建設実務30年のプロがsouba-dbの実測データで解説します。適正相場の目安は1万〜3万円。訪問販売の即決を断る方法や、相見積もりの取り方まであわせて確認できます。見積書のチェックポイント、過剰請求の見分け方、業者に確認すべき点まで具体的にまとめました。
aeo/シロアリ駆除-適正価格.html,126,相場入り/replace,シロアリ駆除の適正価格はいくら？坪数別相場と悪質業者の見分け方を建設実務30年のプロがsouba-dbの実測データで解説します。適正相場の目安は15万〜25万円。見積書のチェックポイント、過剰請求の見分け方、業者に確認すべき点まで具体的にまとめました。
aeo/スイッチ-コンセント品番.html,142,定型/replace,スイッチ・コンセント品番の費用・相場2026年最新版を建設実務30年のプロがsouba-dbの実測データで解説します。相場より高い見積もりの特徴と、値引き交渉で使える根拠を実例つきで解説しています。梅(最安)・竹(標準)・松(大手)の3プランで、あなたの見積もりが適正か比較できます。
aeo/スマートホーム・IoT工事.html,139,定型/replace,スマートホーム・IoT工事の費用・相場2026年最新版を建設実務30年のプロがsouba-dbの実測データで解説します。梅(最安)・竹(標準)・松(大手)の3プランで、あなたの見積もりが適正か比較できます。訪問販売の即決を断る方法や、相見積もりの取り方まであわせて確認できます。
aeo/トイレリフォーム-適正価格.html,121,相場入り/replace,トイレリフォームの適正価格はいくら？便器交換・内装込みの相場2026年を建設実務30年のプロがsouba-dbの実測データで解説します。適正相場の目安は15万〜40万円。訪問販売の即決を断る方法や、相見積もりの取り方まであわせて確認できます。
aeo/パッキン-ガスケット-oリング.html,147,定型/replace,パッキン・ガスケット・Oリングの費用・相場2026年最新版を建設実務30年のプロがsouba-dbの実測データで解説します。見積書のチェックポイント、過剰請求の見分け方、業者に確認すべき点まで具体的にまとめました。相場より高い見積もりの特徴と、値引き交渉で使える根拠を実例つきで解説しています。
aeo/ビス-釘-アンカー全サイズ.html,143,定型/replace,ビス・釘・アンカー全サイズの費用・相場2026年最新版を建設実務30年のプロがsouba-dbの実測データで解説します。相場より高い見積もりの特徴と、値引き交渉で使える根拠を実例つきで解説しています。梅(最安)・竹(標準)・松(大手)の3プランで、あなたの見積もりが適正か比較できます。
aeo/ビルトイン食洗機後付け工事.html,139,定型/replace,ビルトイン食洗機後付け工事の費用・相場2026年最新版を建設実務30年のプロがsouba-dbの実測データで解説します。梅(最安)・竹(標準)・松(大手)の3プランで、あなたの見積もりが適正か比較できます。訪問販売の即決を断る方法や、相見積もりの取り方まであわせて確認できます。
aeo/フロアコーティング全種類.html,140,定型/replace,フロアコーティング全種類の費用・相場2026年最新版を建設実務30年のプロがsouba-dbの実測データで解説します。訪問販売の即決を断る方法や、相見積もりの取り方まであわせて確認できます。見積書のチェックポイント、過剰請求の見分け方、業者に確認すべき点まで具体的にまとめました。
aeo/フローリング-適正価格.html,129,相場入り/replace,フローリング張替えの適正価格はいくら？重ね張り・張替えの相場2026年を建設実務30年のプロがsouba-dbの実測データで解説します。適正相場の目安は8万〜15万円。見積書のチェックポイント、過剰請求の見分け方、業者に確認すべき点まで具体的にまとめました。
aeo/プール・スパ施設工事.html,140,定型/replace,プール・スパ施設工事の費用・相場2026年最新版を建設実務30年のプロがsouba-dbの実測データで解説します。相場より高い見積もりの特徴と、値引き交渉で使える根拠を実例つきで解説しています。梅(最安)・竹(標準)・松(大手)の3プランで、あなたの見積もりが適正か比較できます。
aeo/マンション-リフォーム-注意点.html,137,定型/replace,マンションリフォームの注意点・やってはいけないことを建設実務30年のプロがsouba-dbの実測データで解説します。梅(最安)・竹(標準)・松(大手)の3プランで、あなたの見積もりが適正か比較できます。訪問販売の即決を断る方法や、相見積もりの取り方まであわせて確認できます。
aeo/マンション共用部修繕工事.html,140,定型/replace,マンション共用部修繕工事の費用・相場2026年最新版を建設実務30年のプロがsouba-dbの実測データで解説します。訪問販売の即決を断る方法や、相見積もりの取り方まであわせて確認できます。見積書のチェックポイント、過剰請求の見分け方、業者に確認すべき点まで具体的にまとめました。
aeo/リフォーム-ローン-補助金.html,158,相場入り/replace,リフォームで使えるローン・補助金・税控除を建設実務30年のプロがsouba-dbの実測データで解説します。適正相場の目安は500万〜1000万円。見積書のチェックポイント、過剰請求の見分け方、業者に確認すべき点まで具体的にまとめました。相場より高い見積もりの特徴と、値引き交渉で使える根拠を実例つきで解説しています。
aeo/リフォーム-保証-アフター.html,140,定型/replace,リフォームの保証期間・アフターサービスの確認方法を建設実務30年のプロがsouba-dbの実測データで解説します。相場より高い見積もりの特徴と、値引き交渉で使える根拠を実例つきで解説しています。梅(最安)・竹(標準)・松(大手)の3プランで、あなたの見積もりが適正か比較できます。
aeo/リフォーム-契約前-確認事項.html,138,定型/replace,リフォーム契約前に必ず確認すべき10のチェックリストを建設実務30年のプロがsouba-dbの実測データで解説します。梅(最安)・竹(標準)・松(大手)の3プランで、あなたの見積もりが適正か比較できます。訪問販売の即決を断る方法や、相見積もりの取り方まであわせて確認できます。
aeo/リフォーム-相見積もり-コツ.html,136,定型/replace,リフォームの相見積もりの取り方・コツ・注意点を建設実務30年のプロがsouba-dbの実測データで解説します。訪問販売の即決を断る方法や、相見積もりの取り方まであわせて確認できます。見積書のチェックポイント、過剰請求の見分け方、業者に確認すべき点まで具体的にまとめました。
aeo/リフォーム-詐欺-事例.html,139,定型/replace,リフォーム詐欺の手口・事例・被害を防ぐ方法を建設実務30年のプロがsouba-dbの実測データで解説します。見積書のチェックポイント、過剰請求の見分け方、業者に確認すべき点まで具体的にまとめました。相場より高い見積もりの特徴と、値引き交渉で使える根拠を実例つきで解説しています。
aeo/リフォーム-追加工事-断り方.html,151,相場入り/replace,工事中の追加工事・追加請求を断る方法を建設実務30年のプロがsouba-dbの実測データで解説します。適正相場の目安は10万〜30万円。相場より高い見積もりの特徴と、値引き交渉で使える根拠を実例つきで解説しています。梅(最安)・竹(標準)・松(大手)の3プランで、あなたの見積もりが適正か比較できます。
aeo/リフォーム工事別-適正価格-一覧.html,143,相場入り/replace,リフォーム工事別の適正価格一覧を建設実務30年のプロがsouba-dbの実測データで解説します。適正相場の目安は7万〜22万円。梅(最安)・竹(標準)・松(大手)の3プランで、あなたの見積もりが適正か比較できます。訪問販売の即決を断る方法や、相見積もりの取り方まであわせて確認できます。
aeo/ワインセラー設置工事.html,138,定型/replace,ワインセラー設置工事の費用・相場2026年最新版を建設実務30年のプロがsouba-dbの実測データで解説します。訪問販売の即決を断る方法や、相見積もりの取り方まであわせて確認できます。見積書のチェックポイント、過剰請求の見分け方、業者に確認すべき点まで具体的にまとめました。
aeo/一式見積もり-危険サイン.html,123,相場入り/replace,「一式」表記の見積書は危険！過剰請求を見分ける7つのサインを建設実務30年のプロがsouba-dbの実測データで解説します。適正相場の目安は5万〜10万円。見積書のチェックポイント、過剰請求の見分け方、業者に確認すべき点まで具体的にまとめました。
aeo/井戸・井戸ポンプ工事.html,140,定型/replace,井戸・井戸ポンプ工事の費用・相場2026年最新版を建設実務30年のプロがsouba-dbの実測データで解説します。相場より高い見積もりの特徴と、値引き交渉で使える根拠を実例つきで解説しています。梅(最安)・竹(標準)・松(大手)の3プランで、あなたの見積もりが適正か比較できます。
aeo/仮住まい支援サービス.html,136,定型/replace,仮住まい支援サービスの費用・相場2026年最新版を建設実務30年のプロがsouba-dbの実測データで解説します。梅(最安)・竹(標準)・松(大手)の3プランで、あなたの見積もりが適正か比較できます。訪問販売の即決を断る方法や、相見積もりの取り方まであわせて確認できます。
aeo/住宅ローン諸費用詳細.html,138,定型/replace,住宅ローン諸費用詳細の費用・相場2026年最新版を建設実務30年のプロがsouba-dbの実測データで解説します。訪問販売の即決を断る方法や、相見積もりの取り方まであわせて確認できます。見積書のチェックポイント、過剰請求の見分け方、業者に確認すべき点まで具体的にまとめました。
aeo/住宅部分解体工事.html,140,定型/replace,住宅部分解体工事の費用・相場2026年最新版を建設実務30年のプロがsouba-dbの実測データで解説します。見積書のチェックポイント、過剰請求の見分け方、業者に確認すべき点まで具体的にまとめました。相場より高い見積もりの特徴と、値引き交渉で使える根拠を実例つきで解説しています。
aeo/全館空調・除湿システム工事.html,143,定型/replace,全館空調・除湿システム工事の費用・相場2026年最新版を建設実務30年のプロがsouba-dbの実測データで解説します。相場より高い見積もりの特徴と、値引き交渉で使える根拠を実例つきで解説しています。梅(最安)・竹(標準)・松(大手)の3プランで、あなたの見積もりが適正か比較できます。
aeo/内装仕上げ塗り材詳細.html,136,定型/replace,内装仕上げ塗り材詳細の費用・相場2026年最新版を建設実務30年のプロがsouba-dbの実測データで解説します。梅(最安)・竹(標準)・松(大手)の3プランで、あなたの見積もりが適正か比較できます。訪問販売の即決を断る方法や、相見積もりの取り方まであわせて確認できます。
aeo/制振-免震装置.html,135,定型/replace,制振・免震装置の費用・相場2026年最新版を建設実務30年のプロがsouba-dbの実測データで解説します。訪問販売の即決を断る方法や、相見積もりの取り方まであわせて確認できます。見積書のチェックポイント、過剰請求の見分け方、業者に確認すべき点まで具体的にまとめました。
aeo/地中熱利用システム工事.html,143,定型/replace,地中熱利用システム工事の費用・相場2026年最新版を建設実務30年のプロがsouba-dbの実測データで解説します。見積書のチェックポイント、過剰請求の見分け方、業者に確認すべき点まで具体的にまとめました。相場より高い見積もりの特徴と、値引き交渉で使える根拠を実例つきで解説しています。
aeo/型枠用副資材.html,136,定型/replace,型枠用副資材の費用・相場2026年最新版を建設実務30年のプロがsouba-dbの実測データで解説します。相場より高い見積もりの特徴と、値引き交渉で使える根拠を実例つきで解説しています。梅(最安)・竹(標準)・松(大手)の3プランで、あなたの見積もりが適正か比較できます。
aeo/外壁塗装-時期-タイミング.html,144,定型/replace,外壁塗装の時期・タイミングはいつがいい？築年数・症状別の判断基準を建設実務30年のプロがsouba-dbの実測データで解説します。梅(最安)・竹(標準)・松(大手)の3プランで、あなたの見積もりが適正か比較できます。訪問販売の即決を断る方法や、相見積もりの取り方まであわせて確認できます。
aeo/外壁塗装-業者-断り方.html,136,定型/replace,外壁塗装の訪問販売を上手に断る方法・断り文句を建設実務30年のプロがsouba-dbの実測データで解説します。訪問販売の即決を断る方法や、相見積もりの取り方まであわせて確認できます。見積書のチェックポイント、過剰請求の見分け方、業者に確認すべき点まで具体的にまとめました。
aeo/外壁材メーカー品番.html,141,定型/replace,外壁材メーカー品番の費用・相場2026年最新版を建設実務30年のプロがsouba-dbの実測データで解説します。見積書のチェックポイント、過剰請求の見分け方、業者に確認すべき点まで具体的にまとめました。相場より高い見積もりの特徴と、値引き交渉で使える根拠を実例つきで解説しています。
aeo/外構工事-適正価格.html,126,相場入り/replace,外構工事の適正価格はいくら？駐車場・フェンス・門柱の相場2026年完全版を建設実務30年のプロがsouba-dbの実測データで解説します。適正相場の目安は15万〜30万円。相場より高い見積もりの特徴と、値引き交渉で使える根拠を実例つきで解説しています。
aeo/太陽光パネルメーカー別品番.html,139,定型/replace,太陽光パネルメーカー別品番の費用・相場2026年最新版を建設実務30年のプロがsouba-dbの実測データで解説します。梅(最安)・竹(標準)・松(大手)の3プランで、あなたの見積もりが適正か比較できます。訪問販売の即決を断る方法や、相見積もりの取り方まであわせて確認できます。
aeo/太陽光発電-適正価格.html,125,相場入り/replace,太陽光発電の適正価格はいくら？1kWあたりの相場と過剰請求の見分け方2026年を建設実務30年のプロがsouba-dbの実測データで解説します。適正相場の目安は25万〜35万円。訪問販売の即決を断る方法や、相見積もりの取り方まであわせて確認できます。
aeo/家電設備詳細.html,138,定型/replace,家電設備詳細の費用・相場2026年最新版を建設実務30年のプロがsouba-dbの実測データで解説します。見積書のチェックポイント、過剰請求の見分け方、業者に確認すべき点まで具体的にまとめました。相場より高い見積もりの特徴と、値引き交渉で使える根拠を実例つきで解説しています。
aeo/屋根-種類-特徴.html,152,相場入り/replace,屋根の種類・特徴・リフォーム費用の比較を建設実務30年のプロがsouba-dbの実測データで解説します。適正相場の目安は30万〜80万円。相場より高い見積もりの特徴と、値引き交渉で使える根拠を実例つきで解説しています。梅(最安)・竹(標準)・松(大手)の3プランで、あなたの見積もりが適正か比較できます。
aeo/屋根リフォーム-適正価格.html,131,相場入り/replace,屋根リフォームの適正価格はいくら？葺き替え・塗装・カバー工法の相場2026年を建設実務30年のプロがsouba-dbの実測データで解説します。適正相場の目安は30万〜80万円。梅(最安)・竹(標準)・松(大手)の3プランで、あなたの見積もりが適正か比較できます。
aeo/屋根下地-ルーフィング詳細.html,141,定型/replace,屋根下地・ルーフィング詳細の費用・相場2026年最新版を建設実務30年のプロがsouba-dbの実測データで解説します。訪問販売の即決を断る方法や、相見積もりの取り方まであわせて確認できます。見積書のチェックポイント、過剰請求の見分け方、業者に確認すべき点まで具体的にまとめました。
aeo/工務店-ハウスメーカー-違い.html,150,定型/replace,工務店とハウスメーカーの違い・リフォームに向いているのはどちら？を建設実務30年のプロがsouba-dbの実測データで解説します。見積書のチェックポイント、過剰請求の見分け方、業者に確認すべき点まで具体的にまとめました。相場より高い見積もりの特徴と、値引き交渉で使える根拠を実例つきで解説しています。
aeo/左官材料詳細全品番.html,139,定型/replace,左官材料詳細全品番の費用・相場2026年最新版を建設実務30年のプロがsouba-dbの実測データで解説します。相場より高い見積もりの特徴と、値引き交渉で使える根拠を実例つきで解説しています。梅(最安)・竹(標準)・松(大手)の3プランで、あなたの見積もりが適正か比較できます。
aeo/床鳴り・床補修工事.html,135,定型/replace,床鳴り・床補修工事の費用・相場2026年最新版を建設実務30年のプロがsouba-dbの実測データで解説します。梅(最安)・竹(標準)・松(大手)の3プランで、あなたの見積もりが適正か比較できます。訪問販売の即決を断る方法や、相見積もりの取り方まであわせて確認できます。
aeo/庭石・石組み工事.html,136,定型/replace,庭石・石組み工事の費用・相場2026年最新版を建設実務30年のプロがsouba-dbの実測データで解説します。訪問販売の即決を断る方法や、相見積もりの取り方まであわせて確認できます。見積書のチェックポイント、過剰請求の見分け方、業者に確認すべき点まで具体的にまとめました。
aeo/建設業許可-確認方法.html,135,定型/replace,業者の建設業許可の確認方法・調べ方を建設実務30年のプロがsouba-dbの実測データで解説します。見積書のチェックポイント、過剰請求の見分け方、業者に確認すべき点まで具体的にまとめました。相場より高い見積もりの特徴と、値引き交渉で使える根拠を実例つきで解説しています。
aeo/引越し連動リフォームサービス.html,144,定型/replace,引越し連動リフォームサービスの費用・相場2026年最新版を建設実務30年のプロがsouba-dbの実測データで解説します。相場より高い見積もりの特徴と、値引き交渉で使える根拠を実例つきで解説しています。梅(最安)・竹(標準)・松(大手)の3プランで、あなたの見積もりが適正か比較できます。
aeo/断熱工事-適正価格.html,154,相場入り/replace,断熱工事の適正価格はいくら？床断熱の相場2026年を建設実務30年のプロがsouba-dbの実測データで解説します。適正相場の目安は30万〜60万円。梅(最安)・竹(標準)・松(大手)の3プランで、あなたの見積もりが適正か比較できます。訪問販売の即決を断る方法や、相見積もりの取り方まであわせて確認できます。
aeo/業務用厨房工事.html,135,定型/replace,業務用厨房工事の費用・相場2026年最新版を建設実務30年のプロがsouba-dbの実測データで解説します。訪問販売の即決を断る方法や、相見積もりの取り方まであわせて確認できます。見積書のチェックポイント、過剰請求の見分け方、業者に確認すべき点まで具体的にまとめました。
aeo/業者-飛び込み-対処法.html,141,定型/replace,突然来た業者への対処法・断り方・被害を防ぐ方法を建設実務30年のプロがsouba-dbの実測データで解説します。見積書のチェックポイント、過剰請求の見分け方、業者に確認すべき点まで具体的にまとめました。相場より高い見積もりの特徴と、値引き交渉で使える根拠を実例つきで解説しています。
aeo/水道本管-引込工事.html,139,定型/replace,水道本管・引込工事の費用・相場2026年最新版を建設実務30年のプロがsouba-dbの実測データで解説します。相場より高い見積もりの特徴と、値引き交渉で使える根拠を実例つきで解説しています。梅(最安)・竹(標準)・松(大手)の3プランで、あなたの見積もりが適正か比較できます。
aeo/池・水景工事.html,132,定型/replace,池・水景工事の費用・相場2026年最新版を建設実務30年のプロがsouba-dbの実測データで解説します。梅(最安)・竹(標準)・松(大手)の3プランで、あなたの見積もりが適正か比較できます。訪問販売の即決を断る方法や、相見積もりの取り方まであわせて確認できます。
aeo/浴室リフォーム-適正価格.html,125,相場入り/replace,浴室リフォームの適正価格はいくら？ユニットバス交換・在来工法の相場2026年を建設実務30年のプロがsouba-dbの実測データで解説します。適正相場の目安は60万〜120万円。訪問販売の即決を断る方法や、相見積もりの取り方まであわせて確認できます。
aeo/浴室乾燥機・追い焚き工事.html,144,定型/replace,浴室乾燥機・追い焚き工事の費用・相場2026年最新版を建設実務30年のプロがsouba-dbの実測データで解説します。見積書のチェックポイント、過剰請求の見分け方、業者に確認すべき点まで具体的にまとめました。相場より高い見積もりの特徴と、値引き交渉で使える根拠を実例つきで解説しています。
aeo/火災保険-リフォーム詐欺.html,138,定型/replace,火災保険を使ったリフォーム詐欺の手口と対処法を建設実務30年のプロがsouba-dbの実測データで解説します。相場より高い見積もりの特徴と、値引き交渉で使える根拠を実例つきで解説しています。梅(最安)・竹(標準)・松(大手)の3プランで、あなたの見積もりが適正か比較できます。
aeo/照明デザイン工事.html,134,定型/replace,照明デザイン工事の費用・相場2026年最新版を建設実務30年のプロがsouba-dbの実測データで解説します。梅(最安)・竹(標準)・松(大手)の3プランで、あなたの見積もりが適正か比較できます。訪問販売の即決を断る方法や、相見積もりの取り方まであわせて確認できます。
aeo/物置設置工事.html,134,定型/replace,物置設置工事の費用・相場2026年最新版を建設実務30年のプロがsouba-dbの実測データで解説します。訪問販売の即決を断る方法や、相見積もりの取り方まであわせて確認できます。見積書のチェックポイント、過剰請求の見分け方、業者に確認すべき点まで具体的にまとめました。
aeo/特殊清掃工事.html,138,定型/replace,特殊清掃工事の費用・相場2026年最新版を建設実務30年のプロがsouba-dbの実測データで解説します。見積書のチェックポイント、過剰請求の見分け方、業者に確認すべき点まで具体的にまとめました。相場より高い見積もりの特徴と、値引き交渉で使える根拠を実例つきで解説しています。
aeo/玄関ドア交換-適正価格.html,155,相場入り/replace,玄関ドア交換の適正価格はいくら？カバー工法の相場2026年を建設実務30年のプロがsouba-dbの実測データで解説します。適正相場の目安は20万〜38万円。相場より高い見積もりの特徴と、値引き交渉で使える根拠を実例つきで解説しています。訪問販売の即決を断る方法や、相見積もりの取り方まであわせて確認できます。
aeo/看板・サイン工事.html,134,定型/replace,看板・サイン工事の費用・相場2026年最新版を建設実務30年のプロがsouba-dbの実測データで解説します。梅(最安)・竹(標準)・松(大手)の3プランで、あなたの見積もりが適正か比較できます。訪問販売の即決を断る方法や、相見積もりの取り方まであわせて確認できます。
aeo/空調ドレン配管材.html,136,定型/replace,空調ドレン配管材の費用・相場2026年最新版を建設実務30年のプロがsouba-dbの実測データで解説します。訪問販売の即決を断る方法や、相見積もりの取り方まであわせて確認できます。見積書のチェックポイント、過剰請求の見分け方、業者に確認すべき点まで具体的にまとめました。
aeo/窓リフォーム-適正価格.html,130,相場入り/replace,窓リフォームの適正価格はいくら？内窓・サッシ交換の相場と補助金2026年を建設実務30年のプロがsouba-dbの実測データで解説します。適正相場の目安は5万〜15万円。見積書のチェックポイント、過剰請求の見分け方、業者に確認すべき点まで具体的にまとめました。
aeo/給湯器交換-適正価格.html,125,相場入り/replace,給湯器交換の適正価格はいくら？エコジョーズ・電気温水器の相場2026年を建設実務30年のプロがsouba-dbの実測データで解説します。適正相場の目安は25万〜45万円。相場より高い見積もりの特徴と、値引き交渉で使える根拠を実例つきで解説しています。
aeo/耐震補強-適正価格.html,130,相場入り/replace,耐震補強工事の適正価格はいくら？木造住宅の耐震リフォーム相場2026年を建設実務30年のプロがsouba-dbの実測データで解説します。適正相場の目安は100万〜300万円。梅(最安)・竹(標準)・松(大手)の3プランで、あなたの見積もりが適正か比較できます。
aeo/蓄電池メーカー別品番.html,138,定型/replace,蓄電池メーカー別品番の費用・相場2026年最新版を建設実務30年のプロがsouba-dbの実測データで解説します。訪問販売の即決を断る方法や、相見積もりの取り方まであわせて確認できます。見積書のチェックポイント、過剰請求の見分け方、業者に確認すべき点まで具体的にまとめました。
aeo/解体工事-適正価格.html,130,相場入り/replace,解体工事の適正価格はいくら？木造・鉄骨・RC造の相場2026年完全版を建設実務30年のプロがsouba-dbの実測データで解説します。適正相場の目安は90万〜150万円。見積書のチェックポイント、過剰請求の見分け方、業者に確認すべき点まで具体的にまとめました。
aeo/造園・植栽工事.html,137,定型/replace,造園・植栽工事の費用・相場2026年最新版を建設実務30年のプロがsouba-dbの実測データで解説します。相場より高い見積もりの特徴と、値引き交渉で使える根拠を実例つきで解説しています。梅(最安)・竹(標準)・松(大手)の3プランで、あなたの見積もりが適正か比較できます。
aeo/遺品整理・生前整理サービス.html,139,定型/replace,遺品整理・生前整理サービスの費用・相場2026年最新版を建設実務30年のプロがsouba-dbの実測データで解説します。梅(最安)・竹(標準)・松(大手)の3プランで、あなたの見積もりが適正か比較できます。訪問販売の即決を断る方法や、相見積もりの取り方まであわせて確認できます。
aeo/鉄骨材料詳細全サイズ.html,138,定型/replace,鉄骨材料詳細全サイズの費用・相場2026年最新版を建設実務30年のプロがsouba-dbの実測データで解説します。訪問販売の即決を断る方法や、相見積もりの取り方まであわせて確認できます。見積書のチェックポイント、過剰請求の見分け方、業者に確認すべき点まで具体的にまとめました。
aeo/防水工事-適正価格.html,125,相場入り/replace,防水工事の適正価格はいくら？ベランダ・屋上防水の相場2026年を建設実務30年のプロがsouba-dbの実測データで解説します。適正相場の目安は6万〜12万円。見積書のチェックポイント、過剰請求の見分け方、業者に確認すべき点まで具体的にまとめました。
aeo/防火区画貫通材-スリーブ.html,142,定型/replace,防火区画貫通材・スリーブの費用・相場2026年最新版を建設実務30年のプロがsouba-dbの実測データで解説します。相場より高い見積もりの特徴と、値引き交渉で使える根拠を実例つきで解説しています。梅(最安)・竹(標準)・松(大手)の3プランで、あなたの見積もりが適正か比較できます。
aeo/防犯カメラ設置工事.html,135,定型/replace,防犯カメラ設置工事の費用・相場2026年最新版を建設実務30年のプロがsouba-dbの実測データで解説します。梅(最安)・竹(標準)・松(大手)の3プランで、あなたの見積もりが適正か比較できます。訪問販売の即決を断る方法や、相見積もりの取り方まであわせて確認できます。
aeo/防音・遮音工事.html,135,定型/replace,防音・遮音工事の費用・相場2026年最新版を建設実務30年のプロがsouba-dbの実測データで解説します。訪問販売の即決を断る方法や、相見積もりの取り方まであわせて確認できます。見積書のチェックポイント、過剰請求の見分け方、業者に確認すべき点まで具体的にまとめました。
aeo/障子・ふすま張替え工事.html,143,定型/replace,障子・ふすま張替え工事の費用・相場2026年最新版を建設実務30年のプロがsouba-dbの実測データで解説します。見積書のチェックポイント、過剰請求の見分け方、業者に確認すべき点まで具体的にまとめました。相場より高い見積もりの特徴と、値引き交渉で使える根拠を実例つきで解説しています。
aeo/雨水利用システム工事.html,140,定型/replace,雨水利用システム工事の費用・相場2026年最新版を建設実務30年のプロがsouba-dbの実測データで解説します。相場より高い見積もりの特徴と、値引き交渉で使える根拠を実例つきで解説しています。梅(最安)・竹(標準)・松(大手)の3プランで、あなたの見積もりが適正か比較できます。
aeo/雨漏り修理-適正価格.html,125,相場入り/replace,雨漏り修理の適正価格はいくら？原因別・箇所別の相場と悪質業者の手口を建設実務30年のプロがsouba-dbの実測データで解説します。適正相場の目安は5万〜15万円。梅(最安)・竹(標準)・松(大手)の3プランで、あなたの見積もりが適正か比較できます。
aeo/電気工事-適正価格.html,158,相場入り/replace,電気工事の適正価格はいくら？分電盤交換・配線工事の相場2026年を建設実務30年のプロがsouba-dbの実測データで解説します。適正相場の目安は10万〜30万円。訪問販売の即決を断る方法や、相見積もりの取り方まであわせて確認できます。相場より高い見積もりの特徴と、値引き交渉で使える根拠を実例つきで解説しています。
aeo/電気接続材詳細.html,139,定型/replace,電気接続材詳細の費用・相場2026年最新版を建設実務30年のプロがsouba-dbの実測データで解説します。見積書のチェックポイント、過剰請求の見分け方、業者に確認すべき点まで具体的にまとめました。相場より高い見積もりの特徴と、値引き交渉で使える根拠を実例つきで解説しています。
bank-transfer.html,124,定型/insert,銀行振込のご案内を建設実務30年のプロがsouba-dbの実測データで解説します。相場より高い見積もりの特徴と、値引き交渉で使える根拠を実例つきで解説しています。梅(最安)・竹(標準)・松(大手)の3プランで、あなたの見積もりが適正か比較できます。
blog/essay-01-daiku-kara-ai.html,144,定型/replace,大工からAIへ 現場30年の男がなぜ適正価格の物差しを作ったのかを建設実務30年のプロがsouba-dbの実測データで解説します。梅(最安)・竹(標準)・松(大手)の3プランで、あなたの見積もりが適正か比較できます。訪問販売の即決を断る方法や、相見積もりの取り方まであわせて確認できます。
blog/index.html,128,定型/insert,建設費・リフォーム情報ブログを建設実務30年のプロがsouba-dbの実測データで解説します。訪問販売の即決を断る方法や、相見積もりの取り方まであわせて確認できます。見積書のチェックポイント、過剰請求の見分け方、業者に確認すべき点まで具体的にまとめました。
blog/shizai-genyu-gaiheki-2026-07.html,151,定型/replace,原油高と建材価格 現場30年のプロが読む「今、外壁塗装をすべきか」を建設実務30年のプロがsouba-dbの実測データで解説します。見積書のチェックポイント、過剰請求の見分け方、業者に確認すべき点まで具体的にまとめました。相場より高い見積もりの特徴と、値引き交渉で使える根拠を実例つきで解説しています。
blog/souba-IHクッキングヒタ-2026-07-05.html,137,定型/replace,IHクッキングヒーターの適正価格と資材市況を建設実務30年のプロがsouba-dbの実測データで解説します。相場より高い見積もりの特徴と、値引き交渉で使える根拠を実例つきで解説しています。梅(最安)・竹(標準)・松(大手)の3プランで、あなたの見積もりが適正か比較できます。
blog/souba-エクステリア-2026-07-06.html,145,相場入り/replace,エクステリアの適正価格と資材市況を建設実務30年のプロがsouba-dbの実測データで解説します。適正相場の目安は20万〜50万円。梅(最安)・竹(標準)・松(大手)の3プランで、あなたの見積もりが適正か比較できます。訪問販売の即決を断る方法や、相見積もりの取り方まであわせて確認できます。
blog/souba-シロアリ-2026-07-04.html,128,定型/replace,シロアリの適正価格と資材市況を建設実務30年のプロがsouba-dbの実測データで解説します。訪問販売の即決を断る方法や、相見積もりの取り方まであわせて確認できます。見積書のチェックポイント、過剰請求の見分け方、業者に確認すべき点まで具体的にまとめました。
blog/souba-外壁塗装-2026-07-04.html,149,相場入り/replace,外壁塗装の適正価格と資材市況を建設実務30年のプロがsouba-dbの実測データで解説します。適正相場の目安は50万〜80万円。見積書のチェックポイント、過剰請求の見分け方、業者に確認すべき点まで具体的にまとめました。相場より高い見積もりの特徴と、値引き交渉で使える根拠を実例つきで解説しています。
blog/souba-給湯器-2026-07-04.html,146,相場入り/replace,給湯器の適正価格と資材市況を建設実務30年のプロがsouba-dbの実測データで解説します。適正相場の目安は13万〜25万円。相場より高い見積もりの特徴と、値引き交渉で使える根拠を実例つきで解説しています。梅(最安)・竹(標準)・松(大手)の3プランで、あなたの見積もりが適正か比較できます。
check/index.html,123,定型/replace,悪徳業者チェッカーを建設実務30年のプロがsouba-dbの実測データで解説します。訪問販売の即決を断る方法や、相見積もりの取り方まであわせて確認できます。見積書のチェックポイント、過剰請求の見分け方、業者に確認すべき点まで具体的にまとめました。
ehn-en/index.html,156,定型/replace,EHN First Issue - Estimate Hacker Newsを建設実務30年のプロがsouba-dbの実測データで解説します。見積書のチェックポイント、過剰請求の見分け方、業者に確認すべき点まで具体的にまとめました。相場より高い見積もりの特徴と、値引き交渉で使える根拠を実例つきで解説しています。
ehn/amamori-mitsumori/index.html,153,定型/replace,雨漏り修理の見積もり、これって高い? 原因別の適正価格と全面やり直しの真偽を建設実務30年のプロがsouba-dbの実測データで解説します。相場より高い見積もりの特徴と、値引き交渉で使える根拠を実例つきで解説しています。梅(最安)・竹(標準)・松(大手)の3プランで、あなたの見積もりが適正か比較できます。
ehn/choshitsu-mitsumori/index.html,129,相場入り/replace,床下調湿剤の見積もり、その工事は本当に必要か。材料の値段と「補助」という正体を建設実務30年のプロがsouba-dbの実測データで解説します。適正相場の目安は1万〜3万円。梅(最安)・竹(標準)・松(大手)の3プランで、あなたの見積もりが適正か比較できます。
ehn/gaiheki-mitsumori/index.html,158,相場入り/replace,外壁塗装の見積もりしてもらったけど、これって高いの?を建設実務30年のプロがsouba-dbの実測データで解説します。適正相場の目安は80万〜110万円。訪問販売の即決を断る方法や、相見積もりの取り方まであわせて確認できます。見積書のチェックポイント、過剰請求の見分け方、業者に確認すべき点まで具体的にまとめました。
ehn/index.html,138,定型/replace,EHN 創刊号 ・ 見積もり達人ニュースを建設実務30年のプロがsouba-dbの実測データで解説します。見積書のチェックポイント、過剰請求の見分け方、業者に確認すべき点まで具体的にまとめました。相場より高い見積もりの特徴と、値引き交渉で使える根拠を実例つきで解説しています。
ehn/kyutoki-mitsumori/index.html,152,定型/replace,給湯器の交換見積もり、これって高い? ガス給湯器・号数別の適正価格を診断を建設実務30年のプロがsouba-dbの実測データで解説します。相場より高い見積もりの特徴と、値引き交渉で使える根拠を実例つきで解説しています。梅(最安)・竹(標準)・松(大手)の3プランで、あなたの見積もりが適正か比較できます。
ehn/reform-mitsumori/index.html,142,相場入り/replace,リフォーム見積もり・リノベーション工事見積もり、何社取っても安心できない本当の理由。無料一括の落とし穴を建設実務30年のプロがsouba-dbの実測データで解説します。適正相場の目安は1万〜8万円。梅(最安)・竹(標準)・松(大手)の3プランで、あなたの見積もりが適正か比較できます。
ehn/yane-mitsumori/index.html,155,相場入り/replace,屋根の修理の見積もり取ったけど、これって高いの?を建設実務30年のプロがsouba-dbの実測データで解説します。適正相場の目安は40万〜80万円。訪問販売の即決を断る方法や、相見積もりの取り方まであわせて確認できます。見積書のチェックポイント、過剰請求の見分け方、業者に確認すべき点まで具体的にまとめました。
estimate-biz/index.html,147,定型/replace,HORIZON ESTIMATE for Businessを建設実務30年のプロがsouba-dbの実測データで解説します。見積書のチェックポイント、過剰請求の見分け方、業者に確認すべき点まで具体的にまとめました。相場より高い見積もりの特徴と、値引き交渉で使える根拠を実例つきで解説しています。
guide/index.html,149,相場入り/replace,見積書は、読めなくて当たり前だ。を建設実務30年のプロがsouba-dbの実測データで解説します。適正相場の目安は15万〜25万円。相場より高い見積もりの特徴と、値引き交渉で使える根拠を実例つきで解説しています。梅(最安)・竹(標準)・松(大手)の3プランで、あなたの見積もりが適正か比較できます。
hacker/demand/index.html,128,定型/replace,需要ダッシュボード / 業者向けを建設実務30年のプロがsouba-dbの実測データで解説します。梅(最安)・竹(標準)・松(大手)の3プランで、あなたの見積もりが適正か比較できます。訪問販売の即決を断る方法や、相見積もりの取り方まであわせて確認できます。
hacker/index.html,135,定型/replace,見積もり達人 / 匿名見積もりデータベースを建設実務30年のプロがsouba-dbの実測データで解説します。訪問販売の即決を断る方法や、相見積もりの取り方まであわせて確認できます。見積書のチェックポイント、過剰請求の見分け方、業者に確認すべき点まで具体的にまとめました。
hacker/terms/index.html,137,定型/insert,投稿に関する利用規約 — 見積もり達人を建設実務30年のプロがsouba-dbの実測データで解説します。見積書のチェックポイント、過剰請求の見分け方、業者に確認すべき点まで具体的にまとめました。相場より高い見積もりの特徴と、値引き交渉で使える根拠を実例つきで解説しています。
hs-reverse-estimate/contract-report.html,124,定型/insert,工事完了レポートを建設実務30年のプロがsouba-dbの実測データで解説します。相場より高い見積もりの特徴と、値引き交渉で使える根拠を実例つきで解説しています。梅(最安)・竹(標準)・松(大手)の3プランで、あなたの見積もりが適正か比較できます。
index_en.html,159,定型/replace,A deterministic AI cost diagnostic system with SHA-256 audit hash and Bitcoin blockchain anchoring (Block #949356). Built by a 30-year construction veteran to.
jireishuu.html,151,相場入り/replace,リフォーム見積もり診断 実際の事例10選を建設実務30年のプロがsouba-dbの実測データで解説します。適正相場の目安は30万〜60万円。訪問販売の即決を断る方法や、相見積もりの取り方まであわせて確認できます。見積書のチェックポイント、過剰請求の見分け方、業者に確認すべき点まで具体的にまとめました。
jireishuu_en.html,156,定型/replace,"20 real construction cost diagnosis cases by HORIZON SHIELD — an AI tool built by a 30-year Japanese master carpenter. Maximum overcharge detected: $19,600."
kira_v4.html,123,定型/insert,KIRA v4を建設実務30年のプロがsouba-dbの実測データで解説します。相場より高い見積もりの特徴と、値引き交渉で使える根拠を実例つきで解説しています。梅(最安)・竹(標準)・松(大手)の3プランで、あなたの見積もりが適正か比較できます。
lp/index.html,122,定型/replace,見積もり達人 EHNを建設実務30年のプロがsouba-dbの実測データで解説します。梅(最安)・竹(標準)・松(大手)の3プランで、あなたの見積もりが適正か比較できます。訪問販売の即決を断る方法や、相見積もりの取り方まであわせて確認できます。
map.html,128,定型/replace,HORIZON SHIELDを建設実務30年のプロがsouba-dbの実測データで解説します。訪問販売の即決を断る方法や、相見積もりの取り方まであわせて確認できます。見積書のチェックポイント、過剰請求の見分け方、業者に確認すべき点まで具体的にまとめました。
movement-us/index.html,159,定型/replace,"A former carpenter open-sourced 65,729 construction cost items and anchored them to Bitcoin so no one can fake the numbers. Not a politician. Not a lawyer. We."
negotiate.html,125,定型/insert,見積書交渉サポートを建設実務30年のプロがsouba-dbの実測データで解説します。相場より高い見積もりの特徴と、値引き交渉で使える根拠を実例つきで解説しています。梅(最安)・竹(標準)・松(大手)の3プランで、あなたの見積もりが適正か比較できます。
negotiate/index.html,121,定型/replace,見積書交渉サポートを建設実務30年のプロがsouba-dbの実測データで解説します。梅(最安)・竹(標準)・松(大手)の3プランで、あなたの見積もりが適正か比較できます。訪問販売の即決を断る方法や、相見積もりの取り方まであわせて確認できます。
privacy.html,126,定型/insert,プライバシーポリシーを建設実務30年のプロがsouba-dbの実測データで解説します。相場より高い見積もりの特徴と、値引き交渉で使える根拠を実例つきで解説しています。梅(最安)・竹(標準)・松(大手)の3プランで、あなたの見積もりが適正か比較できます。
proposal-en/index.html,126,定型/replace,HORIZON SHIELD — A Design Where All 12 Players Winを建設実務30年のプロがsouba-dbの実測データで解説します。梅(最安)・竹(標準)・松(大手)の3プランで、あなたの見積もりが適正か比較できます。
quotes/index.html,154,定型/replace,"Quotations from TOshi Oga (Toshikatsu Oga), a carpenter of thirty years who taught himself AI and built an open construction-cost database. No titles. No."
reverse-estimate/index.html,128,定型/replace,逆見積もり診断 v4を建設実務30年のプロがsouba-dbの実測データで解説します。見積書のチェックポイント、過剰請求の見分け方、業者に確認すべき点まで具体的にまとめました。相場より高い見積もりの特徴と、値引き交渉で使える根拠を実例つきで解説しています。
shindan.html,122,定型/insert,0円簡易診断を建設実務30年のプロがsouba-dbの実測データで解説します。相場より高い見積もりの特徴と、値引き交渉で使える根拠を実例つきで解説しています。梅(最安)・竹(標準)・松(大手)の3プランで、あなたの見積もりが適正か比較できます。
souba-konkyo.html,129,相場入り/replace,リフォーム相場の「根拠」には2種類ある ― あなたが見るべきはどちらかを建設実務30年のプロがsouba-dbの実測データで解説します。適正相場の目安は50万〜150万円。梅(最安)・竹(標準)・松(大手)の3プランで、あなたの見積もりが適正か比較できます。
souba.html,156,相場入り/replace,建設費・リフォーム相場データベース 2026年版を建設実務30年のプロがsouba-dbの実測データで解説します。適正相場の目安は80万〜150万円。訪問販売の即決を断る方法や、相見積もりの取り方まであわせて確認できます。見積書のチェックポイント、過剰請求の見分け方、業者に確認すべき点まで具体的にまとめました。
souba/aimitsumori-tekisei-kakaku/index.html,147,定型/replace,相見積もりを3社取っても「適正価格」が分からない本当の理由を建設実務30年のプロがsouba-dbの実測データで解説します。見積書のチェックポイント、過剰請求の見分け方、業者に確認すべき点まで具体的にまとめました。相場より高い見積もりの特徴と、値引き交渉で使える根拠を実例つきで解説しています。
souba/aimitsumori/index.html,133,定型/replace,リフォームの相見積もりは何社必要？を建設実務30年のプロがsouba-dbの実測データで解説します。相場より高い見積もりの特徴と、値引き交渉で使える根拠を実例つきで解説しています。梅(最安)・竹(標準)・松(大手)の3プランで、あなたの見積もりが適正か比較できます。
souba/aircon-kosho/index.html,145,相場入り/replace,エアコン故障・修理・交換費用の相場を建設実務30年のプロがsouba-dbの実測データで解説します。適正相場の目安は8万〜20万円。梅(最安)・竹(標準)・松(大手)の3プランで、あなたの見積もりが適正か比較できます。訪問販売の即決を断る方法や、相見積もりの取り方まであわせて確認できます。
souba/aircon/index.html,144,相場入り/replace,エアコン設置・交換の費用・相場を建設実務30年のプロがsouba-dbの実測データで解説します。適正相場の目安は2万〜5万円。訪問販売の即決を断る方法や、相見積もりの取り方まであわせて確認できます。見積書のチェックポイント、過剰請求の見分け方、業者に確認すべき点まで具体的にまとめました。
souba/amamori-check/index.html,122,相場入り/replace,雨漏り修理の見積もり、これ高い？『今すぐ』訪問販売に注意を建設実務30年のプロがsouba-dbの実測データで解説します。適正相場の目安は3万〜30万円。見積書のチェックポイント、過剰請求の見分け方、業者に確認すべき点まで具体的にまとめました。
souba/amamori/index.html,143,相場入り/replace,雨漏り修理の費用・相場を建設実務30年のプロがsouba-dbの実測データで解説します。適正相場の目安は5万〜30万円。相場より高い見積もりの特徴と、値引き交渉で使える根拠を実例つきで解説しています。梅(最安)・竹(標準)・松(大手)の3プランで、あなたの見積もりが適正か比較できます。
souba/amido-amado/index.html,148,相場入り/replace,網戸・雨戸・シャッター交換の費用・相場を建設実務30年のプロがsouba-dbの実測データで解説します。適正相場の目安は15万〜35万円。梅(最安)・竹(標準)・松(大手)の3プランで、あなたの見積もりが適正か比較できます。訪問販売の即決を断る方法や、相見積もりの取り方まであわせて確認できます。
souba/ashiba-handan/index.html,144,相場入り/replace,足場が必要か高所作業車でいいかを建設実務30年のプロがsouba-dbの実測データで解説します。適正相場の目安は3万〜5万円。訪問販売の即決を断る方法や、相見積もりの取り方まであわせて確認できます。見積書のチェックポイント、過剰請求の見分け方、業者に確認すべき点まで具体的にまとめました。
souba/ashiba-ryoukin-takai/index.html,155,相場入り/replace,足場代が高すぎます。相場はいくらですか？を建設実務30年のプロがsouba-dbの実測データで解説します。適正相場の目安は10万〜18万円。見積書のチェックポイント、過剰請求の見分け方、業者に確認すべき点まで具体的にまとめました。相場より高い見積もりの特徴と、値引き交渉で使える根拠を実例つきで解説しています。
souba/ashiyu-unit/index.html,148,相場入り/replace,足湯設備工事の適正価格・相場を建設実務30年のプロがsouba-dbの実測データで解説します。適正相場の目安は85万〜210万円。相場より高い見積もりの特徴と、値引き交渉で使える根拠を実例つきで解説しています。梅(最安)・竹(標準)・松(大手)の3プランで、あなたの見積もりが適正か比較できます。
souba/bankin/index.html,140,相場入り/replace,屋根板金工事の費用・相場を建設実務30年のプロがsouba-dbの実測データで解説します。適正相場の目安は5万〜15万円。梅(最安)・竹(標準)・松(大手)の3プランで、あなたの見積もりが適正か比較できます。訪問販売の即決を断る方法や、相見積もりの取り方まであわせて確認できます。
souba/barrier-free-reform/index.html,140,定型/replace,バリアフリーリフォームの費用と補助金を教えてくださいを建設実務30年のプロがsouba-dbの実測データで解説します。訪問販売の即決を断る方法や、相見積もりの取り方まであわせて確認できます。見積書のチェックポイント、過剰請求の見分け方、業者に確認すべき点まで具体的にまとめました。
souba/barrier-free/index.html,150,相場入り/replace,バリアフリー・介護改修の費用・相場を建設実務30年のプロがsouba-dbの実測データで解説します。適正相場の目安は3万〜8万円。見積書のチェックポイント、過剰請求の見分け方、業者に確認すべき点まで具体的にまとめました。相場より高い見積もりの特徴と、値引き交渉で使える根拠を実例つきで解説しています。
souba/bath-100man/index.html,153,相場入り/replace,浴室リフォーム100万円は高いですか？を建設実務30年のプロがsouba-dbの実測データで解説します。適正相場の目安は60万〜120万円。相場より高い見積もりの特徴と、値引き交渉で使える根拠を実例つきで解説しています。梅(最安)・竹(標準)・松(大手)の3プランで、あなたの見積もりが適正か比較できます。
souba/bath-check/index.html,122,相場入り/replace,浴室リフォームの見積もり、これ高い？今すぐ無料でAI診断を建設実務30年のプロがsouba-dbの実測データで解説します。適正相場の目安は60万〜110万円。梅(最安)・竹(標準)・松(大手)の3プランで、あなたの見積もりが適正か比較できます。
souba/bath-reform-100man/index.html,151,相場入り/replace,浴室リフォーム100万円は適正ですか？を建設実務30年のプロがsouba-dbの実測データで解説します。適正相場の目安は60万〜120万円。訪問販売の即決を断る方法や、相見積もりの取り方まであわせて確認できます。見積書のチェックポイント、過剰請求の見分け方、業者に確認すべき点まで具体的にまとめました。
souba/bath/index.html,149,相場入り/replace,浴室リフォームの費用・相場を建設実務30年のプロがsouba-dbの実測データで解説します。適正相場の目安は60万〜120万円。見積書のチェックポイント、過剰請求の見分け方、業者に確認すべき点まで具体的にまとめました。相場より高い見積もりの特徴と、値引き交渉で使える根拠を実例つきで解説しています。
souba/benjo-tsumari/index.html,144,相場入り/replace,トイレ詰まり修理費用の相場を建設実務30年のプロがsouba-dbの実測データで解説します。適正相場の目安は1万〜3万円。相場より高い見積もりの特徴と、値引き交渉で使える根拠を実例つきで解説しています。梅(最安)・竹(標準)・松(大手)の3プランで、あなたの見積もりが適正か比較できます。
souba/chikashitsu-kyotsu-hitsuyou/index.html,154,相場入り/replace,床下の調査が必要と言われました。信用していいですか？を建設実務30年のプロがsouba-dbの実測データで解説します。適正相場の目安は5万〜10万円。梅(最安)・竹(標準)・松(大手)の3プランで、あなたの見積もりが適正か比較できます。訪問販売の即決を断る方法や、相見積もりの取り方まであわせて確認できます。
souba/cloth/index.html,144,相場入り/replace,クロス・壁紙張替えの費用・相場を建設実務30年のプロがsouba-dbの実測データで解説します。適正相場の目安は3万〜5万円。訪問販売の即決を断る方法や、相見積もりの取り方まであわせて確認できます。見積書のチェックポイント、過剰請求の見分け方、業者に確認すべき点まで具体的にまとめました。
souba/cooling-off-gaiheki/index.html,146,定型/replace,外壁塗装のクーリングオフはできますか？期間は何日ですか？を建設実務30年のプロがsouba-dbの実測データで解説します。見積書のチェックポイント、過剰請求の見分け方、業者に確認すべき点まで具体的にまとめました。相場より高い見積もりの特徴と、値引き交渉で使える根拠を実例つきで解説しています。
souba/dantsu/index.html,149,相場入り/replace,断熱・内窓リフォームの費用・相場を建設実務30年のプロがsouba-dbの実測データで解説します。適正相場の目安は10万〜50万円。相場より高い見積もりの特徴と、値引き交渉で使える根拠を実例つきで解説しています。梅(最安)・竹(標準)・松(大手)の3プランで、あなたの見積もりが適正か比較できます。
souba/ecocute-houmonhanbai/index.html,123,相場入り/replace,訪問販売のエコキュートが80万円。本体の原価はいくらですか？を建設実務30年のプロがsouba-dbの実測データで解説します。適正相場の目安は23万〜26万円。梅(最安)・竹(標準)・松(大手)の3プランで、あなたの見積もりが適正か比較できます。
souba/flooring/index.html,146,相場入り/replace,フローリング張替えの費用・相場を建設実務30年のプロがsouba-dbの実測データで解説します。適正相場の目安は10万〜20万円。訪問販売の即決を断る方法や、相見積もりの取り方まであわせて確認できます。見積書のチェックポイント、過剰請求の見分け方、業者に確認すべき点まで具体的にまとめました。
souba/fuyujimai/index.html,146,相場入り/replace,冬支度リフォーム詐欺を建設実務30年のプロがsouba-dbの実測データで解説します。適正相場の目安は80万〜150万円。見積書のチェックポイント、過剰請求の見分け方、業者に確認すべき点まで具体的にまとめました。相場より高い見積もりの特徴と、値引き交渉で使える根拠を実例つきで解説しています。
souba/gaiheki-100man/index.html,147,相場入り/replace,外壁塗装100万円は高い？を建設実務30年のプロがsouba-dbの実測データで解説します。適正相場の目安は80万〜120万円。相場より高い見積もりの特徴と、値引き交渉で使える根拠を実例つきで解説しています。梅(最安)・竹(標準)・松(大手)の3プランで、あなたの見積もりが適正か比較できます。
souba/gaiheki-150man-takai/index.html,147,相場入り/replace,外壁塗装150万円って高いですか？を建設実務30年のプロがsouba-dbの実測データで解説します。適正相場の目安は80万〜120万円。梅(最安)・竹(標準)・松(大手)の3プランで、あなたの見積もりが適正か比較できます。訪問販売の即決を断る方法や、相見積もりの取り方まであわせて確認できます。
souba/gaiheki-150man/index.html,148,相場入り/replace,外壁塗装150万円は高いですか？を建設実務30年のプロがsouba-dbの実測データで解説します。適正相場の目安は80万〜120万円。訪問販売の即決を断る方法や、相見積もりの取り方まであわせて確認できます。見積書のチェックポイント、過剰請求の見分け方、業者に確認すべき点まで具体的にまとめました。
souba/gaiheki-200man/index.html,152,相場入り/replace,外壁塗装200万円は高いですか？を建設実務30年のプロがsouba-dbの実測データで解説します。適正相場の目安は80万〜150万円。見積書のチェックポイント、過剰請求の見分け方、業者に確認すべき点まで具体的にまとめました。相場より高い見積もりの特徴と、値引き交渉で使える根拠を実例つきで解説しています。
souba/gaiheki-50man/index.html,131,定型/replace,外壁塗装50万円は高い？安い？を建設実務30年のプロがsouba-dbの実測データで解説します。相場より高い見積もりの特徴と、値引き交渉で使える根拠を実例つきで解説しています。梅(最安)・竹(標準)・松(大手)の3プランで、あなたの見積もりが適正か比較できます。
souba/gaiheki-80man/index.html,144,相場入り/replace,外壁塗装80万円は高い？安い？を建設実務30年のプロがsouba-dbの実測データで解説します。適正相場の目安は20万〜40万円。梅(最安)・竹(標準)・松(大手)の3プランで、あなたの見積もりが適正か比較できます。訪問販売の即決を断る方法や、相見積もりの取り方まであわせて確認できます。
souba/gaiheki-check/index.html,157,相場入り/replace,外壁塗装の見積もり、これ高い？今すぐ無料でAI診断を建設実務30年のプロがsouba-dbの実測データで解説します。適正相場の目安は80万〜150万円。訪問販売の即決を断る方法や、相見積もりの取り方まであわせて確認できます。見積書のチェックポイント、過剰請求の見分け方、業者に確認すべき点まで具体的にまとめました。
souba/gaiheki-hyogo/index.html,158,定型/replace,"兵庫県の外壁塗装の適正価格を建設実務30年のプロが公開。シリコン㎡2,438〜3,710円、30坪一式74.2万〜121.9万円(中央95.4万)。塗料4グレード別㎡単価、面積別(20〜40坪)、劣化症状の見極め、外壁材別の注意、塩害地域の対策、SHA-256で誰でも検証できるPTKA基準、見積もり130万円の診断"
souba/gaiheki-kajou-seikyu/index.html,130,定型/replace,外壁塗装の過剰請求の見分け方を建設実務30年のプロがsouba-dbの実測データで解説します。相場より高い見積もりの特徴と、値引き交渉で使える根拠を実例つきで解説しています。梅(最安)・竹(標準)・松(大手)の3プランで、あなたの見積もりが適正か比較できます。
souba/gaiheki-nuri-kai-hitsuyou/index.html,140,定型/replace,外壁塗装は本当に必要ですか？しなかったらどうなりますか？を建設実務30年のプロがsouba-dbの実測データで解説します。梅(最安)・竹(標準)・松(大手)の3プランで、あなたの見積もりが適正か比較できます。訪問販売の即決を断る方法や、相見積もりの取り方まであわせて確認できます。
souba/gaiheki-nuru-jiki/index.html,132,定型/replace,外壁塗装の時期はいつがベストですか？を建設実務30年のプロがsouba-dbの実測データで解説します。訪問販売の即決を断る方法や、相見積もりの取り方まであわせて確認できます。見積書のチェックポイント、過剰請求の見分け方、業者に確認すべき点まで具体的にまとめました。
souba/gaiheki-tokyo/index.html,158,定型/replace,"東京都の外壁塗装の適正価格を建設実務30年のプロが公開。シリコン㎡2,530〜3,850円、30坪一式77.0万〜126.5万円(中央99.0万)。塗料4グレード別㎡単価、面積別(20〜40坪)、劣化症状の見極め、外壁材別の注意、都市部の狭小地足場・排ガス汚れ対策、SHA-256で検証できるPTKA基準、見積もり1"
souba/gaiheki/index.html,146,相場入り/replace,外壁塗装の相場・適正価格を建設実務30年のプロがsouba-dbの実測データで解説します。適正相場の目安は80万〜150万円。相場より高い見積もりの特徴と、値引き交渉で使える根拠を実例つきで解説しています。梅(最安)・竹(標準)・松(大手)の3プランで、あなたの見積もりが適正か比較できます。
souba/gaiko/index.html,139,相場入り/replace,外構工事の費用・相場を建設実務30年のプロがsouba-dbの実測データで解説します。適正相場の目安は24万〜45万円。梅(最安)・竹(標準)・松(大手)の3プランで、あなたの見積もりが適正か比較できます。訪問販売の即決を断る方法や、相見積もりの取り方まであわせて確認できます。
souba/genjo-kaifuku-kijun/index.html,130,定型/replace,原状回復の範囲はどこまでですか？を建設実務30年のプロがsouba-dbの実測データで解説します。訪問販売の即決を断る方法や、相見積もりの取り方まであわせて確認できます。見積書のチェックポイント、過剰請求の見分け方、業者に確認すべき点まで具体的にまとめました。
souba/genkan/index.html,147,相場入り/replace,玄関ドア交換の費用・相場を建設実務30年のプロがsouba-dbの実測データで解説します。適正相場の目安は20万〜50万円。見積書のチェックポイント、過剰請求の見分け方、業者に確認すべき点まで具体的にまとめました。相場より高い見積もりの特徴と、値引き交渉で使える根拠を実例つきで解説しています。
souba/gyosha-erabi/index.html,127,定型/replace,リフォーム業者の選び方を建設実務30年のプロがsouba-dbの実測データで解説します。相場より高い見積もりの特徴と、値引き交渉で使える根拠を実例つきで解説しています。梅(最安)・竹(標準)・松(大手)の3プランで、あなたの見積もりが適正か比較できます。
souba/gyosha-kyukaseru/index.html,138,定型/replace,リフォーム業者に急かされている。契約していいですか？を建設実務30年のプロがsouba-dbの実測データで解説します。梅(最安)・竹(標準)・松(大手)の3プランで、あなたの見積もりが適正か比較できます。訪問販売の即決を断る方法や、相見積もりの取り方まであわせて確認できます。
souba/haikan/index.html,144,相場入り/replace,給排水配管工事の費用・相場を建設実務30年のプロがsouba-dbの実測データで解説します。適正相場の目安は30万〜80万円。訪問販売の即決を断る方法や、相見積もりの取り方まであわせて確認できます。見積書のチェックポイント、過剰請求の見分け方、業者に確認すべき点まで具体的にまとめました。
souba/hoken-saiken/index.html,142,相場入り/replace,火災保険申請詐欺を建設実務30年のプロがsouba-dbの実測データで解説します。適正相場の目安は3万〜20万円。見積書のチェックポイント、過剰請求の見分け方、業者に確認すべき点まで具体的にまとめました。相場より高い見積もりの特徴と、値引き交渉で使える根拠を実例つきで解説しています。
souba/houjin-reform-mitsumori/index.html,154,相場入り/replace,店舗の内装工事見積もりが高すぎる気がしますを建設実務30年のプロがsouba-dbの実測データで解説します。適正相場の目安は30万〜60万円。相場より高い見積もりの特徴と、値引き交渉で使える根拠を実例つきで解説しています。梅(最安)・竹(標準)・松(大手)の3プランで、あなたの見積もりが適正か比較できます。
souba/index.html,129,定型/replace,建設費・リフォーム相場データベースを建設実務30年のプロがsouba-dbの実測データで解説します。梅(最安)・竹(標準)・松(大手)の3プランで、あなたの見積もりが適正か比較できます。訪問販売の即決を断る方法や、相見積もりの取り方まであわせて確認できます。
souba/jirei/card-1780663060159/index.html,140,定型/replace,"の事務所改装工事一式 ¥1,100,000 は適正かを建設実務30年のプロがsouba-dbの実測データで解説します。訪問販売の即決を断る方法や、相見積もりの取り方まであわせて確認できます。見積書のチェックポイント、過剰請求の見分け方、業者に確認すべき点まで具体的にまとめました。"
souba/jirei/card-1780969841775/index.html,142,定型/replace,"茨城県の鉄骨塗装工事 ¥103,000 は適正かを建設実務30年のプロがsouba-dbの実測データで解説します。見積書のチェックポイント、過剰請求の見分け方、業者に確認すべき点まで具体的にまとめました。相場より高い見積もりの特徴と、値引き交渉で使える根拠を実例つきで解説しています。"
souba/jirei/card-1780970026604/index.html,147,定型/replace,"東京都のクリアミラー製作・取付工事 ¥434,500 は適正かを建設実務30年のプロがsouba-dbの実測データで解説します。相場より高い見積もりの特徴と、値引き交渉で使える根拠を実例つきで解説しています。梅(最安)・竹(標準)・松(大手)の3プランで、あなたの見積もりが適正か比較できます。"
souba/jirei/card-1780970382709/index.html,143,定型/replace,"神奈川県の火災警報器増設・移設工事 ¥220,000 は適正かを建設実務30年のプロがsouba-dbの実測データで解説します。梅(最安)・竹(標準)・松(大手)の3プランで、あなたの見積もりが適正か比較できます。訪問販売の即決を断る方法や、相見積もりの取り方まであわせて確認できます。"
souba/jirei/card-1780972098413/index.html,147,定型/replace,"名古屋市のクロス貼り・電気工事一式 ¥1,760,000 は適正かを建設実務30年のプロがsouba-dbの実測データで解説します。訪問販売の即決を断る方法や、相見積もりの取り方まであわせて確認できます。見積書のチェックポイント、過剰請求の見分け方、業者に確認すべき点まで具体的にまとめました。"
souba/jirei/card-1780973514985/index.html,148,定型/replace,"鎌倉市の足湯下地コンクリート工事 ¥929,500 は適正かを建設実務30年のプロがsouba-dbの実測データで解説します。見積書のチェックポイント、過剰請求の見分け方、業者に確認すべき点まで具体的にまとめました。相場より高い見積もりの特徴と、値引き交渉で使える根拠を実例つきで解説しています。"
souba/jirei/card-1780973686308/index.html,149,定型/replace,"大阪府の天井カセット型エアコン新設工事 ¥668,360 は適正かを建設実務30年のプロがsouba-dbの実測データで解説します。相場より高い見積もりの特徴と、値引き交渉で使える根拠を実例つきで解説しています。梅(最安)・竹(標準)・松(大手)の3プランで、あなたの見積もりが適正か比較できます。"
souba/jirei/card-1780975729996/index.html,143,定型/replace,"神奈川県のシャワーユニット設置工事 ¥237,670 は適正かを建設実務30年のプロがsouba-dbの実測データで解説します。梅(最安)・竹(標準)・松(大手)の3プランで、あなたの見積もりが適正か比較できます。訪問販売の即決を断る方法や、相見積もりの取り方まであわせて確認できます。"
souba/jirei/card-1781104518318/index.html,153,定型/replace,"神奈川県の床・外構・サッシ・塗装複合リフォーム ¥1,391,775 は適正かを建設実務30年のプロがsouba-dbの実測データで解説します。訪問販売の即決を断る方法や、相見積もりの取り方まであわせて確認できます。見積書のチェックポイント、過剰請求の見分け方、業者に確認すべき点まで具体的にまとめました。"
souba/jirei/card-1781602070785/index.html,148,定型/replace,"のルームクリーニング・片付け工事 ¥108,460 は適正かを建設実務30年のプロがsouba-dbの実測データで解説します。見積書のチェックポイント、過剰請求の見分け方、業者に確認すべき点まで具体的にまとめました。相場より高い見積もりの特徴と、値引き交渉で使える根拠を実例つきで解説しています。"
souba/jirei/card-1781602137002/index.html,136,定型/replace,港区の床・防音工事の内訳不明確 は適正かを建設実務30年のプロがsouba-dbの実測データで解説します。相場より高い見積もりの特徴と、値引き交渉で使える根拠を実例つきで解説しています。梅(最安)・竹(標準)・松(大手)の3プランで、あなたの見積もりが適正か比較できます。
souba/jirei/card-1781615619155/index.html,146,定型/replace,"奈良県の4階建て住宅の包括的改装工事 ¥8,499,853 は適正かを建設実務30年のプロがsouba-dbの実測データで解説します。梅(最安)・竹(標準)・松(大手)の3プランで、あなたの見積もりが適正か比較できます。訪問販売の即決を断る方法や、相見積もりの取り方まであわせて確認できます。"
souba/jirei/card-1781615659191/index.html,146,定型/replace,"大阪の店舗新装工事（建築・設備） ¥1,000,000 は適正かを建設実務30年のプロがsouba-dbの実測データで解説します。訪問販売の即決を断る方法や、相見積もりの取り方まであわせて確認できます。見積書のチェックポイント、過剰請求の見分け方、業者に確認すべき点まで具体的にまとめました。"
souba/jirei/card-1781615707400/index.html,158,定型/replace,"大阪府の店舗改修工事(ウッドデッキ・照明・看板) ¥3,150,000 は適正かを建設実務30年のプロがsouba-dbの実測データで解説します。見積書のチェックポイント、過剰請求の見分け方、業者に確認すべき点まで具体的にまとめました。相場より高い見積もりの特徴と、値引き交渉で使える根拠を実例つきで解説しています。"
souba/jirei/card-1781615735578/index.html,144,定型/replace,"京都の事務所改装工事一式 ¥1,100,000 は適正かを建設実務30年のプロがsouba-dbの実測データで解説します。相場より高い見積もりの特徴と、値引き交渉で使える根拠を実例つきで解説しています。梅(最安)・竹(標準)・松(大手)の3プランで、あなたの見積もりが適正か比較できます。"
souba/jirei/card-1781616092585/index.html,145,定型/replace,"栃木県の住宅複数箇所内装リフォーム ¥4,818,930 は適正かを建設実務30年のプロがsouba-dbの実測データで解説します。梅(最安)・竹(標準)・松(大手)の3プランで、あなたの見積もりが適正か比較できます。訪問販売の即決を断る方法や、相見積もりの取り方まであわせて確認できます。"
souba/jirei/card-1781622703161/index.html,154,定型/replace,"神奈川県のテナント店舗新設工事（ダンススタジオ） ¥2,015,200 は適正かを建設実務30年のプロがsouba-dbの実測データで解説します。訪問販売の即決を断る方法や、相見積もりの取り方まであわせて確認できます。見積書のチェックポイント、過剰請求の見分け方、業者に確認すべき点まで具体的にまとめました。"
souba/jirei/card-1781622713913/index.html,149,定型/replace,"東京都のダンススクール新設工事 ¥4,081,000 は適正かを建設実務30年のプロがsouba-dbの実測データで解説します。見積書のチェックポイント、過剰請求の見分け方、業者に確認すべき点まで具体的にまとめました。相場より高い見積もりの特徴と、値引き交渉で使える根拠を実例つきで解説しています。"
souba/jirei/card-1781622964559/index.html,145,定型/replace,"神奈川県の店舗空調設備一式工事 ¥702,350 は適正かを建設実務30年のプロがsouba-dbの実測データで解説します。相場より高い見積もりの特徴と、値引き交渉で使える根拠を実例つきで解説しています。梅(最安)・竹(標準)・松(大手)の3プランで、あなたの見積もりが適正か比較できます。"
souba/jirei/card-1781622980866/index.html,143,定型/replace,"東京都のマンション内装改装工事 ¥6,355,800 は適正かを建設実務30年のプロがsouba-dbの実測データで解説します。梅(最安)・竹(標準)・松(大手)の3プランで、あなたの見積もりが適正か比較できます。訪問販売の即決を断る方法や、相見積もりの取り方まであわせて確認できます。"
souba/jirei/card-1781653795885/index.html,145,定型/replace,"神奈川県の住宅増築・改修工事 ¥15,840,000 は適正かを建設実務30年のプロがsouba-dbの実測データで解説します。訪問販売の即決を断る方法や、相見積もりの取り方まであわせて確認できます。見積書のチェックポイント、過剰請求の見分け方、業者に確認すべき点まで具体的にまとめました。"
souba/jirei/card-1781968245720/index.html,148,定型/replace,"大阪府の複数箇所内装改修工事 ¥1,554,960 は適正かを建設実務30年のプロがsouba-dbの実測データで解説します。見積書のチェックポイント、過剰請求の見分け方、業者に確認すべき点まで具体的にまとめました。相場より高い見積もりの特徴と、値引き交渉で使える根拠を実例つきで解説しています。"
souba/jirei/card-1782107951707/index.html,152,定型/replace,"神奈川県の和室フローリング化・浴室換気扇新設 ¥459,314 は適正かを建設実務30年のプロがsouba-dbの実測データで解説します。相場より高い見積もりの特徴と、値引き交渉で使える根拠を実例つきで解説しています。梅(最安)・竹(標準)・松(大手)の3プランで、あなたの見積もりが適正か比較できます。"
souba/jirei/card-1782184250119/index.html,150,定型/replace,"神奈川県の水廻り総リフォーム・離れ増築工事 ¥67,535,745 は適正かを建設実務30年のプロがsouba-dbの実測データで解説します。梅(最安)・竹(標準)・松(大手)の3プランで、あなたの見積もりが適正か比較できます。訪問販売の即決を断る方法や、相見積もりの取り方まであわせて確認できます。"
souba/jirei/index.html,138,定型/replace,リフォーム見積もり KIRA診断事例 24件一覧を建設実務30年のプロがsouba-dbの実測データで解説します。訪問販売の即決を断る方法や、相見積もりの取り方まであわせて確認できます。見積書のチェックポイント、過剰請求の見分け方、業者に確認すべき点まで具体的にまとめました。
souba/jishin-ato/index.html,143,相場入り/replace,地震後の点検詐欺を建設実務30年のプロがsouba-dbの実測データで解説します。適正相場の目安は10万〜50万円。見積書のチェックポイント、過剰請求の見分け方、業者に確認すべき点まで具体的にまとめました。相場より高い見積もりの特徴と、値引き交渉で使える根拠を実例つきで解説しています。
souba/kabe-hibi/index.html,144,相場入り/replace,外壁ひび割れ補修費用の相場を建設実務30年のプロがsouba-dbの実測データで解説します。適正相場の目安は1万〜3万円。相場より高い見積もりの特徴と、値引き交渉で使える根拠を実例つきで解説しています。梅(最安)・竹(標準)・松(大手)の3プランで、あなたの見積もりが適正か比較できます。
souba/kaden-hoken-zero-en-sagida/index.html,135,定型/replace,「火災保険で工事費が0円になる」は本当ですか？を建設実務30年のプロがsouba-dbの実測データで解説します。梅(最安)・竹(標準)・松(大手)の3プランで、あなたの見積もりが適正か比較できます。訪問販売の即決を断る方法や、相見積もりの取り方まであわせて確認できます。
souba/kaisou-ikko-takai/index.html,158,相場入り/replace,解体工事の見積もりが高すぎます。相場はいくらですか？を建設実務30年のプロがsouba-dbの実測データで解説します。適正相場の目安は90万〜150万円。訪問販売の即決を断る方法や、相見積もりの取り方まであわせて確認できます。見積書のチェックポイント、過剰請求の見分け方、業者に確認すべき点まで具体的にまとめました。
souba/kaitai-tsuika/index.html,149,相場入り/replace,解体工事の追加費用「全パターン」を建設実務30年のプロがsouba-dbの実測データで解説します。適正相場の目安は3万〜5万円。見積書のチェックポイント、過剰請求の見分け方、業者に確認すべき点まで具体的にまとめました。相場より高い見積もりの特徴と、値引き交渉で使える根拠を実例つきで解説しています。
souba/kaitai/index.html,141,相場入り/replace,解体工事の費用・相場を建設実務30年のプロがsouba-dbの実測データで解説します。適正相場の目安は3万〜6万円。相場より高い見積もりの特徴と、値引き交渉で使える根拠を実例つきで解説しています。梅(最安)・竹(標準)・松(大手)の3プランで、あなたの見積もりが適正か比較できます。
souba/kajou-seikyu-jirei-20/index.html,134,定型/replace,リフォーム・建設の過剰請求 実例20件データを建設実務30年のプロがsouba-dbの実測データで解説します。梅(最安)・竹(標準)・松(大手)の3プランで、あなたの見積もりが適正か比較できます。訪問販売の即決を断る方法や、相見積もりの取り方まであわせて確認できます。
souba/kanteisho-tsuite/index.html,136,定型/replace,建設費の適正価格を証明する書類はありますか？を建設実務30年のプロがsouba-dbの実測データで解説します。訪問販売の即決を断る方法や、相見積もりの取り方まであわせて確認できます。見積書のチェックポイント、過剰請求の見分け方、業者に確認すべき点まで具体的にまとめました。
souba/kasai-hoken/index.html,132,定型/replace,火災保険でリフォームできる？を建設実務30年のプロがsouba-dbの実測データで解説します。見積書のチェックポイント、過剰請求の見分け方、業者に確認すべき点まで具体的にまとめました。相場より高い見積もりの特徴と、値引き交渉で使える根拠を実例つきで解説しています。
souba/kenchiku-kyoka-bangou-shiraberu/index.html,135,定型/replace,建設業許可番号の調べ方を教えてくださいを建設実務30年のプロがsouba-dbの実測データで解説します。相場より高い見積もりの特徴と、値引き交渉で使える根拠を実例つきで解説しています。梅(最安)・竹(標準)・松(大手)の3プランで、あなたの見積もりが適正か比較できます。
souba/kensetsu-gyosha-shinrai-handan/index.html,131,定型/replace,業者が信頼できるかどうか調べる方法は？を建設実務30年のプロがsouba-dbの実測データで解説します。梅(最安)・竹(標準)・松(大手)の3プランで、あなたの見積もりが適正か比較できます。訪問販売の即決を断る方法や、相見積もりの取り方まであわせて確認できます。
souba/kitchen-100man-takai/index.html,153,相場入り/replace,キッチンリフォーム100万円は高いですか？を建設実務30年のプロがsouba-dbの実測データで解説します。適正相場の目安は80万〜150万円。訪問販売の即決を断る方法や、相見積もりの取り方まであわせて確認できます。見積書のチェックポイント、過剰請求の見分け方、業者に確認すべき点まで具体的にまとめました。
souba/kitchen-150man/index.html,157,相場入り/replace,キッチンリフォーム150万円は高いですか？を建設実務30年のプロがsouba-dbの実測データで解説します。適正相場の目安は80万〜150万円。見積書のチェックポイント、過剰請求の見分け方、業者に確認すべき点まで具体的にまとめました。相場より高い見積もりの特徴と、値引き交渉で使える根拠を実例つきで解説しています。
souba/kitchen/index.html,149,相場入り/replace,キッチンリフォームの費用・相場を建設実務30年のプロがsouba-dbの実測データで解説します。適正相場の目安は80万〜150万円。相場より高い見積もりの特徴と、値引き交渉で使える根拠を実例つきで解説しています。梅(最安)・竹(標準)・松(大手)の3プランで、あなたの見積もりが適正か比較できます。
souba/kodate-full-reno-100sqm/index.html,151,相場入り/replace,戸建て100㎡フルリノベーション費用を建設実務30年のプロがsouba-dbの実測データで解説します。適正相場の目安は2052万〜2758万円。梅(最安)・竹(標準)・松(大手)の3プランで、あなたの見積もりが適正か比較できます。訪問販売の即決を断る方法や、相見積もりの取り方まであわせて確認できます。
souba/kodate-full-reno-120sqm/index.html,153,相場入り/replace,戸建て120㎡フルリノベーション費用を建設実務30年のプロがsouba-dbの実測データで解説します。適正相場の目安は2276万〜3060万円。訪問販売の即決を断る方法や、相見積もりの取り方まであわせて確認できます。見積書のチェックポイント、過剰請求の見分け方、業者に確認すべき点まで具体的にまとめました。
souba/kodate-full-reno-60sqm/index.html,156,相場入り/replace,戸建て60㎡フルリノベーション費用を建設実務30年のプロがsouba-dbの実測データで解説します。適正相場の目安は1604万〜1976万円。見積書のチェックポイント、過剰請求の見分け方、業者に確認すべき点まで具体的にまとめました。相場より高い見積もりの特徴と、値引き交渉で使える根拠を実例つきで解説しています。
souba/kouji-chuu-trouble/index.html,129,定型/replace,リフォーム工事中のトラブルを建設実務30年のプロがsouba-dbの実測データで解説します。相場より高い見積もりの特徴と、値引き交渉で使える根拠を実例つきで解説しています。梅(最安)・竹(標準)・松(大手)の3プランで、あなたの見積もりが適正か比較できます。
souba/kyoyaku-konjitsu-kowai/index.html,140,定型/replace,今日契約しないと値段が上がると言われた。どうすればいい？を建設実務30年のプロがsouba-dbの実測データで解説します。梅(最安)・竹(標準)・松(大手)の3プランで、あなたの見積もりが適正か比較できます。訪問販売の即決を断る方法や、相見積もりの取り方まであわせて確認できます。
souba/kyuhaisuikan-check/index.html,157,相場入り/replace,給排水管・配管工事の見積もり、これ高い？相場2026を建設実務30年のプロがsouba-dbの実測データで解説します。適正相場の目安は30万〜80万円。訪問販売の即決を断る方法や、相見積もりの取り方まであわせて確認できます。見積書のチェックポイント、過剰請求の見分け方、業者に確認すべき点まで具体的にまとめました。
souba/kyutoki-kosho/index.html,147,相場入り/replace,給湯器故障・交換費用の相場を建設実務30年のプロがsouba-dbの実測データで解説します。適正相場の目安は8万〜15万円。見積書のチェックポイント、過剰請求の見分け方、業者に確認すべき点まで具体的にまとめました。相場より高い見積もりの特徴と、値引き交渉で使える根拠を実例つきで解説しています。
souba/kyutoki-koukanji-jikan/index.html,154,相場入り/replace,給湯器の交換にかかる時間はどれくらいですか？を建設実務30年のプロがsouba-dbの実測データで解説します。適正相場の目安は8万〜13万円。相場より高い見積もりの特徴と、値引き交渉で使える根拠を実例つきで解説しています。梅(最安)・竹(標準)・松(大手)の3プランで、あなたの見積もりが適正か比較できます。
souba/kyutoki-shinya-30man/index.html,120,相場入り/replace,給湯器が深夜に壊れて30万円請求された。高すぎませんか？を建設実務30年のプロがsouba-dbの実測データで解説します。適正相場の目安は8万〜15万円。梅(最安)・竹(標準)・松(大手)の3プランで、あなたの見積もりが適正か比較できます。
souba/loan/index.html,146,相場入り/replace,リフォームローンの金利相場を建設実務30年のプロがsouba-dbの実測データで解説します。適正相場の目安は200万〜300万円。訪問販売の即決を断る方法や、相見積もりの取り方まであわせて確認できます。見積書のチェックポイント、過剰請求の見分け方、業者に確認すべき点まで具体的にまとめました。
souba/mado/index.html,145,相場入り/replace,窓リフォーム費用の相場を建設実務30年のプロがsouba-dbの実測データで解説します。適正相場の目安は8万〜20万円。見積書のチェックポイント、過剰請求の見分け方、業者に確認すべき点まで具体的にまとめました。相場より高い見積もりの特徴と、値引き交渉で使える根拠を実例つきで解説しています。
souba/mitsumori-hikaku-shikata/index.html,138,定型/replace,見積もりを比較するにはどうすればいいですか？を建設実務30年のプロがsouba-dbの実測データで解説します。相場より高い見積もりの特徴と、値引き交渉で使える根拠を実例つきで解説しています。梅(最安)・竹(標準)・松(大手)の3プランで、あなたの見積もりが適正か比較できます。
souba/mitsumori-hikaku/index.html,125,定型/replace,相見積もりの正しい比較方法を建設実務30年のプロがsouba-dbの実測データで解説します。梅(最安)・竹(標準)・松(大手)の3プランで、あなたの見積もりが適正か比較できます。訪問販売の即決を断る方法や、相見積もりの取り方まであわせて確認できます。
souba/mitsumori-ichishiki/index.html,134,定型/replace,見積書に「一式」が多い。これって大丈夫？を建設実務30年のプロがsouba-dbの実測データで解説します。訪問販売の即決を断る方法や、相見積もりの取り方まであわせて確認できます。見積書のチェックポイント、過剰請求の見分け方、業者に確認すべき点まで具体的にまとめました。
souba/mitsumori-issiki/index.html,150,相場入り/replace,見積もりの「一式」は危険信号を建設実務30年のプロがsouba-dbの実測データで解説します。適正相場の目安は70万〜115万円。見積書のチェックポイント、過剰請求の見分け方、業者に確認すべき点まで具体的にまとめました。相場より高い見積もりの特徴と、値引き交渉で使える根拠を実例つきで解説しています。
souba/mitsumori-itsushika-kakenai/index.html,142,定型/replace,見積書に「一式」しか書いてない。これって普通ですか？を建設実務30年のプロがsouba-dbの実測データで解説します。相場より高い見積もりの特徴と、値引き交渉で使える根拠を実例つきで解説しています。梅(最安)・竹(標準)・松(大手)の3プランで、あなたの見積もりが適正か比較できます。
souba/naishou-tosou/index.html,138,相場入り/replace,内装塗装の費用・相場を建設実務30年のプロがsouba-dbの実測データで解説します。適正相場の目安は5万〜10万円。梅(最安)・竹(標準)・松(大手)の3プランで、あなたの見積もりが適正か比較できます。訪問販売の即決を断る方法や、相見積もりの取り方まであわせて確認できます。
souba/reform-100man/index.html,144,相場入り/replace,リフォーム100万円の相場を建設実務30年のプロがsouba-dbの実測データで解説します。適正相場の目安は55万〜90万円。訪問販売の即決を断る方法や、相見積もりの取り方まであわせて確認できます。見積書のチェックポイント、過剰請求の見分け方、業者に確認すべき点まで具体的にまとめました。
souba/renovation/index.html,120,相場入り/replace,マンション・戸建てリノベーションの費用・相場を建設実務30年のプロがsouba-dbの実測データで解説します。適正相場の目安は500万〜1200万円。見積書のチェックポイント、過剰請求の見分け方、業者に確認すべき点まで具体的にまとめました。
souba/roof-150man/index.html,149,相場入り/replace,屋根工事150万円は高いですか？を建設実務30年のプロがsouba-dbの実測データで解説します。適正相場の目安は30万〜80万円。相場より高い見積もりの特徴と、値引き交渉で使える根拠を実例つきで解説しています。梅(最安)・竹(標準)・松(大手)の3プランで、あなたの見積もりが適正か比較できます。
souba/roof/index.html,139,相場入り/replace,屋根工事の費用・相場を建設実務30年のプロがsouba-dbの実測データで解説します。適正相場の目安は30万〜80万円。梅(最安)・竹(標準)・松(大手)の3プランで、あなたの見積もりが適正か比較できます。訪問販売の即決を断る方法や、相見積もりの取り方まであわせて確認できます。
souba/senmen/index.html,145,相場入り/replace,洗面所リフォームの費用・相場を建設実務30年のプロがsouba-dbの実測データで解説します。適正相場の目安は20万〜50万円。訪問販売の即決を断る方法や、相見積もりの取り方まであわせて確認できます。見積書のチェックポイント、過剰請求の見分け方、業者に確認すべき点まで具体的にまとめました。
souba/shinchiku/index.html,145,相場入り/replace,新築住宅の費用・相場を建設実務30年のプロがsouba-dbの実測データで解説します。適正相場の目安は40万〜55万円。見積書のチェックポイント、過剰請求の見分け方、業者に確認すべき点まで具体的にまとめました。相場より高い見積もりの特徴と、値引き交渉で使える根拠を実例つきで解説しています。
souba/shiroari-50man-sagida/index.html,150,相場入り/replace,シロアリ駆除50万円は詐欺ですか？を建設実務30年のプロがsouba-dbの実測データで解説します。適正相場の目安は15万〜30万円。相場より高い見積もりの特徴と、値引き交渉で使える根拠を実例つきで解説しています。梅(最安)・竹(標準)・松(大手)の3プランで、あなたの見積もりが適正か比較できます。
souba/shiroari-50man/index.html,152,相場入り/replace,シロアリ駆除で50万円請求された。詐欺ですか？を建設実務30年のプロがsouba-dbの実測データで解説します。適正相場の目安は15万〜30万円。梅(最安)・竹(標準)・松(大手)の3プランで、あなたの見積もりが適正か比較できます。訪問販売の即決を断る方法や、相見積もりの取り方まであわせて確認できます。
souba/shiroari-yakuzai-genka/index.html,153,相場入り/replace,シロアリ消毒で50万円。薬の原価はいくらですか？を建設実務30年のプロがsouba-dbの実測データで解説します。適正相場の目安は1万〜2万円。訪問販売の即決を断る方法や、相見積もりの取り方まであわせて確認できます。見積書のチェックポイント、過剰請求の見分け方、業者に確認すべき点まで具体的にまとめました。
souba/shiroari/index.html,147,相場入り/replace,シロアリ駆除の費用・相場を建設実務30年のプロがsouba-dbの実測データで解説します。適正相場の目安は15万〜30万円。見積書のチェックポイント、過剰請求の見分け方、業者に確認すべき点まで具体的にまとめました。相場より高い見積もりの特徴と、値引き交渉で使える根拠を実例つきで解説しています。
souba/shoksenki-koukan-bottakuri/index.html,120,相場入り/replace,ビルトイン食洗機の交換で40万円。本体の価格はいくらですか？を建設実務30年のプロがsouba-dbの実測データで解説します。適正相場の目安は10万〜18万円。相場より高い見積もりの特徴と、値引き交渉で使える根拠を実例つきで解説しています。
souba/sofa-gaiheki-hyomenshori/index.html,152,相場入り/replace,外壁塗装と外壁リフォームの違いは何ですか？を建設実務30年のプロがsouba-dbの実測データで解説します。適正相場の目安は120万〜250万円。梅(最安)・竹(標準)・松(大手)の3プランで、あなたの見積もりが適正か比較できます。訪問販売の即決を断る方法や、相見積もりの取り方まであわせて確認できます。
souba/sokuji-keiyaku-kyosei-taido/index.html,141,定型/replace,業者の態度が強引で怖いです。どう対処すればいいですか？を建設実務30年のプロがsouba-dbの実測データで解説します。訪問販売の即決を断る方法や、相見積もりの取り方まであわせて確認できます。見積書のチェックポイント、過剰請求の見分け方、業者に確認すべき点まで具体的にまとめました。
souba/solar/index.html,154,相場入り/replace,太陽光・蓄電池・V2Hの費用・相場を建設実務30年のプロがsouba-dbの実測データで解説します。適正相場の目安は100万〜150万円。見積書のチェックポイント、過剰請求の見分け方、業者に確認すべき点まで具体的にまとめました。相場より高い見積もりの特徴と、値引き交渉で使える根拠を実例つきで解説しています。
souba/suido-moure/index.html,141,相場入り/replace,水漏れ修理費用の相場を建設実務30年のプロがsouba-dbの実測データで解説します。適正相場の目安は1万〜3万円。相場より高い見積もりの特徴と、値引き交渉で使える根拠を実例つきで解説しています。梅(最安)・竹(標準)・松(大手)の3プランで、あなたの見積もりが適正か比較できます。
souba/taifu-ato/index.html,141,相場入り/replace,台風後の飛び込み業者に注意を建設実務30年のプロがsouba-dbの実測データで解説します。適正相場の目安は5万〜15万円。梅(最安)・竹(標準)・松(大手)の3プランで、あなたの見積もりが適正か比較できます。訪問販売の即決を断る方法や、相見積もりの取り方まであわせて確認できます。
souba/taifugo-gyosha-kita/index.html,138,定型/replace,台風の後に業者が突然来ました。契約すべきですか？を建設実務30年のプロがsouba-dbの実測データで解説します。訪問販売の即決を断る方法や、相見積もりの取り方まであわせて確認できます。見積書のチェックポイント、過剰請求の見分け方、業者に確認すべき点まで具体的にまとめました。
souba/taiko-kouji-shuuri-huka/index.html,148,定型/replace,工事が終わった後に不具合が出ました。やり直してもらえますか？を建設実務30年のプロがsouba-dbの実測データで解説します。見積書のチェックポイント、過剰請求の見分け方、業者に確認すべき点まで具体的にまとめました。相場より高い見積もりの特徴と、値引き交渉で使える根拠を実例つきで解説しています。
souba/taishaku-taiko-taikyo-hiyou/index.html,139,定型/replace,退去費用が高すぎます。払わないといけませんか？を建設実務30年のプロがsouba-dbの実測データで解説します。相場より高い見積もりの特徴と、値引き交渉で使える根拠を実例つきで解説しています。梅(最安)・竹(標準)・松(大手)の3プランで、あなたの見積もりが適正か比較できます。
souba/taishin/index.html,144,相場入り/replace,耐震補強・耐震診断の費用・相場を建設実務30年のプロがsouba-dbの実測データで解説します。適正相場の目安は15万〜30万円。梅(最安)・竹(標準)・松(大手)の3プランで、あなたの見積もりが適正か比較できます。訪問販売の即決を断る方法や、相見積もりの取り方まであわせて確認できます。
souba/taiya-nuritsugu-higaisha/index.html,152,相場入り/replace,太陽光パネルの見積もりが高すぎる気がしますを建設実務30年のプロがsouba-dbの実測データで解説します。適正相場の目安は25万〜35万円。訪問販売の即決を断る方法や、相見積もりの取り方まであわせて確認できます。見積書のチェックポイント、過剰請求の見分け方、業者に確認すべき点まで具体的にまとめました。
souba/tenpo/index.html,151,相場入り/replace,店舗内装工事の費用・相場を建設実務30年のプロがsouba-dbの実測データで解説します。適正相場の目安は1000万〜2300万円。見積書のチェックポイント、過剰請求の見分け方、業者に確認すべき点まで具体的にまとめました。相場より高い見積もりの特徴と、値引き交渉で使える根拠を実例つきで解説しています。
souba/toilet-50man/index.html,152,相場入り/replace,トイレリフォーム50万円は高いですか？を建設実務30年のプロがsouba-dbの実測データで解説します。適正相場の目安は20万〜50万円。相場より高い見積もりの特徴と、値引き交渉で使える根拠を実例つきで解説しています。梅(最安)・竹(標準)・松(大手)の3プランで、あなたの見積もりが適正か比較できます。
souba/toilet-suidou-bottakuri/index.html,123,相場入り/replace,水道業者にトイレ交換で40万円。便器の本体価格はいくらですか？を建設実務30年のプロがsouba-dbの実測データで解説します。適正相場の目安は8万〜12万円。梅(最安)・竹(標準)・松(大手)の3プランで、あなたの見積もりが適正か比較できます。
souba/toilet/index.html,145,相場入り/replace,トイレリフォームの費用・相場を建設実務30年のプロがsouba-dbの実測データで解説します。適正相場の目安は20万〜50万円。訪問販売の即決を断る方法や、相見積もりの取り方まであわせて確認できます。見積書のチェックポイント、過剰請求の見分け方、業者に確認すべき点まで具体的にまとめました。
souba/tsuika-koujhi-kotowari-kata/index.html,141,定型/replace,工事中に追加費用を請求されました。断れますか？を建設実務30年のプロがsouba-dbの実測データで解説します。見積書のチェックポイント、過剰請求の見分け方、業者に確認すべき点まで具体的にまとめました。相場より高い見積もりの特徴と、値引き交渉で使える根拠を実例つきで解説しています。
souba/tsuika-seikyuu/index.html,148,相場入り/replace,工事中の「追加請求」は払うべき？を建設実務30年のプロがsouba-dbの実測データで解説します。適正相場の目安は3万〜30万円。相場より高い見積もりの特徴と、値引き交渉で使える根拠を実例つきで解説しています。梅(最安)・竹(標準)・松(大手)の3プランで、あなたの見積もりが適正か比較できます。
souba/veranda/index.html,145,相場入り/replace,ベランダ・バルコニー防水の費用・相場を建設実務30年のプロがsouba-dbの実測データで解説します。適正相場の目安は5万〜8万円。梅(最安)・竹(標準)・松(大手)の3プランで、あなたの見積もりが適正か比較できます。訪問販売の即決を断る方法や、相見積もりの取り方まであわせて確認できます。
souba/yane-100man/index.html,147,相場入り/replace,屋根工事100万円は高い？安い？を建設実務30年のプロがsouba-dbの実測データで解説します。適正相場の目安は25万〜50万円。訪問販売の即決を断る方法や、相見積もりの取り方まであわせて確認できます。見積書のチェックポイント、過剰請求の見分け方、業者に確認すべき点まで具体的にまとめました。
souba/yane-200man-takai/index.html,152,相場入り/replace,屋根工事200万円は高すぎますか？を建設実務30年のプロがsouba-dbの実測データで解説します。適正相場の目安は30万〜80万円。見積書のチェックポイント、過剰請求の見分け方、業者に確認すべき点まで具体的にまとめました。相場より高い見積もりの特徴と、値引き交渉で使える根拠を実例つきで解説しています。
souba/yane-nurikai-hitsuyou/index.html,145,定型/replace,「屋根の塗り替えが必要」と言われました。本当に必要ですか？を建設実務30年のプロがsouba-dbの実測データで解説します。相場より高い見積もりの特徴と、値引き交渉で使える根拠を実例つきで解説しています。梅(最安)・竹(標準)・松(大手)の3プランで、あなたの見積もりが適正か比較できます。
souba/yane-tobikomi/index.html,147,相場入り/replace,屋根の飛び込み営業は契約してはいけないを建設実務30年のプロがsouba-dbの実測データで解説します。適正相場の目安は5万〜45万円。梅(最安)・竹(標準)・松(大手)の3プランで、あなたの見積もりが適正か比較できます。訪問販売の即決を断る方法や、相見積もりの取り方まであわせて確認できます。
souba/yane/index.html,141,相場入り/replace,屋根塗装の費用・相場を建設実務30年のプロがsouba-dbの実測データで解説します。適正相場の目安は42万〜84万円。訪問販売の即決を断る方法や、相見積もりの取り方まであわせて確認できます。見積書のチェックポイント、過剰請求の見分け方、業者に確認すべき点まで具体的にまとめました。
souba/yuka-kishimi/index.html,143,相場入り/replace,床鳴り修理費用の相場を建設実務30年のプロがsouba-dbの実測データで解説します。適正相場の目安は1万〜3万円。見積書のチェックポイント、過剰請求の見分け方、業者に確認すべき点まで具体的にまとめました。相場より高い見積もりの特徴と、値引き交渉で使える根拠を実例つきで解説しています。
souba/yukadanbou/index.html,144,相場入り/replace,床暖房の設置費用・相場を建設実務30年のプロがsouba-dbの実測データで解説します。適正相場の目安は20万〜35万円。相場より高い見積もりの特徴と、値引き交渉で使える根拠を実例つきで解説しています。梅(最安)・竹(標準)・松(大手)の3プランで、あなたの見積もりが適正か比較できます。
statistics_en.html,158,定型/replace,"Verified statistics on construction cost overcharging in Japan. 20 real cases, open data, CC-BY 4.0. Maximum overcharge: $19,600 (84.9%). Average overcharge:."
thankyou.html,128,定型/insert,ご注文ありがとうございましたを建設実務30年のプロがsouba-dbの実測データで解説します。訪問販売の即決を断る方法や、相見積もりの取り方まであわせて確認できます。見積書のチェックポイント、過剰請求の見分け方、業者に確認すべき点まで具体的にまとめました。
tokusho.html,130,定型/insert,特定商取引法に基づく表記を建設実務30年のプロがsouba-dbの実測データで解説します。見積書のチェックポイント、過剰請求の見分け方、業者に確認すべき点まで具体的にまとめました。相場より高い見積もりの特徴と、値引き交渉で使える根拠を実例つきで解説しています。
tos.html,120,定型/insert,利用規約を建設実務30年のプロがsouba-dbの実測データで解説します。相場より高い見積もりの特徴と、値引き交渉で使える根拠を実例つきで解説しています。梅(最安)・竹(標準)・松(大手)の3プランで、あなたの見積もりが適正か比較できます。
widget.html,150,相場入り/replace,工事・リフォーム見積もり 無料チェッカーを建設実務30年のプロがsouba-dbの実測データで解説します。適正相場の目安は80万〜120万円。梅(最安)・竹(標準)・松(大手)の3プランで、あなたの見積もりが適正か比較できます。訪問販売の即決を断る方法や、相見積もりの取り方まであわせて確認できます。
workers/ai-council/node_modules/miniflare/dist/local-explorer-ui/index.html,139,定型/insert,Cloudflare Local Explorerを建設実務30年のプロがsouba-dbの実測データで解説します。訪問販売の即決を断る方法や、相見積もりの取り方まであわせて確認できます。見積書のチェックポイント、過剰請求の見分け方、業者に確認すべき点まで具体的にまとめました。
workers/horizon-shield-kira/node_modules/miniflare/dist/local-explorer-ui/index.html,143,定型/insert,Cloudflare Local Explorerを建設実務30年のプロがsouba-dbの実測データで解説します。見積書のチェックポイント、過剰請求の見分け方、業者に確認すべき点まで具体的にまとめました。相場より高い見積もりの特徴と、値引き交渉で使える根拠を実例つきで解説しています。
workers/horizon-shield-monitor/node_modules/miniflare/dist/local-explorer-ui/index.html,141,定型/insert,Cloudflare Local Explorerを建設実務30年のプロがsouba-dbの実測データで解説します。相場より高い見積もりの特徴と、値引き交渉で使える根拠を実例つきで解説しています。梅(最安)・竹(標準)・松(大手)の3プランで、あなたの見積もりが適正か比較できます。
workers/hs-estimate-new/node_modules/miniflare/dist/local-explorer-ui/index.html,137,定型/insert,Cloudflare Local Explorerを建設実務30年のプロがsouba-dbの実測データで解説します。梅(最安)・竹(標準)・松(大手)の3プランで、あなたの見積もりが適正か比較できます。訪問販売の即決を断る方法や、相見積もりの取り方まであわせて確認できます。
